date,username,to,replies,retweets,favorites,text,geo,mentions,hashtags,id,permalink
2015-10-03 15:59:38,GYP972,,0,0,0,"Full time scores Norwich City 1 Leicester City 2 Nottingham forest 0 hull city 1 Sheffield Wednesday 2 Preston North end 1",,,,650339434064408576,https://twitter.com/GYP972/status/650339434064408576
2015-10-03 15:59:03,roundwoodibc,,0,0,0,"Retweeted Norwich City FC ( @NorwichCityFC): FULL-TIME: Norwich City 1-2 Leicester City. #NORLEI... http://fb.me/6SvUgIWbM",,@NorwichCityFC,#NORLEI,650339289478262784,https://twitter.com/roundwoodibc/status/650339289478262784
2015-10-03 15:58:34,marktpower,,0,0,2,"Heroic 2-1 win for Leicester City at Norwich, a great response after last's weeks debacle against Arsenal. The Foxes move up to 4th. #LCFC",,,#LCFC,650339167860338688,https://twitter.com/marktpower/status/650339167860338688
2015-10-03 15:58:34,InspireLSHealth,,0,0,0,"EPL: Norwich City 1 Leicester City 2 (Final Score)",,,,650339165150777344,https://twitter.com/InspireLSHealth/status/650339165150777344
2015-10-03 15:58:27,la_ligapremier,,0,2,1,"FINAL: A Villa 0-1 Stoke / Bournemouth 1-1 Watford / Man City 6-1 Newcastle / Norwich City 1-2 Leicester City / Sunderland 2-2 West Ham",,,,650339135274754048,https://twitter.com/la_ligapremier/status/650339135274754048
2015-10-03 15:58:18,PremierShowIT,,0,0,0,"FULL TIME Norwich City 1-2 Leicester City (68' Mbokani - 28' Vardy PEN, 47' Schlupp) #NORLEI",,,#NORLEI,650339097949696000,https://twitter.com/PremierShowIT/status/650339097949696000
2015-10-03 15:58:15,DailyNORFOLK,,0,1,0,"#Norwich City 1-2 Leicester City http://j.mp/1MRyc8H #Norfolkpic.twitter.com/mVkwd7wHUc",,,#Norwich #Norfolkpic,650339086901768192,https://twitter.com/DailyNORFOLK/status/650339086901768192
2015-10-03 15:57:51,moro_zanda,,0,0,0,"Jeffery Schlupp on target for Leicester City",,,,650338984950931456,https://twitter.com/moro_zanda/status/650338984950931456
2015-10-03 15:57:17,SMLeicester,,0,0,1,"Result: Leicester City hold on to edge out Norwich City http://sm.mg/nktkz8s #lcfc",,,#lcfc,650338843623878656,https://twitter.com/SMLeicester/status/650338843623878656
2015-10-03 15:57:17,SMNorwich,,0,0,0,"Result: Leicester City hold on to edge out Norwich City http://sm.mg/q8fpkp7 #ncfc #otbc",,,#ncfc #otbc,650338842155839488,https://twitter.com/SMNorwich/status/650338842155839488
2015-10-03 15:57:00,9jaBloke,,0,6,1,"Leicester City.......proving to be quite a revelation this season. But you look at their Manager and you understand why.",,,,650338770340986882,https://twitter.com/9jaBloke/status/650338770340986882
2015-10-03 15:56:33,Deportes_PTV,,0,0,0,"#FutbolResultados #PremierLeague Norwich City 1-2 Leicester City https://twitter.com/ScoresFutbol/status/650338326960930817/photo/1pic.twitter.com/tAt3bFxxFK",,,#FutbolResultados #PremierLeague,650338656465604608,https://twitter.com/Deportes_PTV/status/650338656465604608
2015-10-03 15:56:32,iiTaz1,,0,0,0,"FULL TIME: Aston Villa 0-1 Stoke City. Bournemouth 1-1 Watford Man City 6-1 Newcastle Norwich 1-2 Leicester City Sunderland 2-2 West Ham.",,,,650338654511067136,https://twitter.com/iiTaz1/status/650338654511067136
2015-10-03 15:56:31,Thebluechampion,,0,0,0,"FULL TIME: Aston Villa 0-1 Stoke City. Bournemouth 1-1 Watford Man City 6-1 Newcastle Norwich 1-2 Leicester City Sunderland 2-2 West Ham.",,,,650338649930919937,https://twitter.com/Thebluechampion/status/650338649930919937
2015-10-03 15:56:23,SMLeicester,,0,0,1,"FULL-TIME: Norwich City 1-2 Leicester City #ncfc #otbc #lcfc",,,#ncfc #otbc #lcfc,650338614535168000,https://twitter.com/SMLeicester/status/650338614535168000
2015-10-03 15:56:22,SMNorwich,,0,0,1,"FULL-TIME: Norwich City 1-2 Leicester City #ncfc #otbc #lcfc",,,#ncfc #otbc #lcfc,650338613142679552,https://twitter.com/SMNorwich/status/650338613142679552
2015-10-03 15:56:21,Ashleeeeeeeeyy,,0,0,1,"COME OONNNN!!!!!! A BIG BIG win for Leicester City today. To go away to a good Norwich City and win off the back of our first defeat #lcfc",,,#lcfc,650338606687612930,https://twitter.com/Ashleeeeeeeeyy/status/650338606687612930
2015-10-03 15:56:19,lamesatecnica,,0,0,0,"#PremierLeague FINAL: Norwich City 1 Leicester City 2 | Fecha 8 | #MesaTecnica",,,#PremierLeague #MesaTecnica,650338598420676608,https://twitter.com/lamesatecnica/status/650338598420676608
2015-10-03 15:56:18,futaztecadep,,0,0,5,"#PremierLeague Final #NorwichCity 1-2 #LeicesterCity #Sunderland 2-2 #WestHam",,,#PremierLeague #NorwichCity #LeicesterCity #Sunderland #WestHam,650338594700136448,https://twitter.com/futaztecadep/status/650338594700136448
2015-10-03 15:56:18,AztecaDeportes,,0,1,8,"#PremierLeague Final #NorwichCity 1-2 #LeicesterCity #Sunderland 2-2 #WestHam",,,#PremierLeague #NorwichCity #LeicesterCity #Sunderland #WestHam,650338594679160832,https://twitter.com/AztecaDeportes/status/650338594679160832
2015-10-03 15:56:12,Wanny_Gredz,,0,0,2,"I fucking love you Leicester city",,,,650338569467334657,https://twitter.com/Wanny_Gredz/status/650338569467334657
2015-10-03 15:56:11,bpfootball,,0,2,0,"After today's games - 3. Crystal Palace 4. Leicester City 5. West Ham United pic.twitter.com/ZyEhuS5Hmx",,,,650338567021989888,https://twitter.com/bpfootball/status/650338567021989888
2015-10-03 15:56:09,Thromizzll3,,0,0,0,"Leicester City on the rise again",,,,650338557773643776,https://twitter.com/Thromizzll3/status/650338557773643776
2015-10-03 15:56:09,EGOBOKE,,0,0,0,"BUT @LEICESTER CITY GO GREE?",,@LEICESTER,,650338555647143937,https://twitter.com/EGOBOKE/status/650338555647143937
2015-10-03 15:56:04,dt_alerts,,0,0,1,"Star Man! #lcfc Vardy (LEI) +5 Pts (0 Pts) FT: Norwich City 1 - 2 Leicester City #sundreamteam http://www.dreamteamalerts.com",,,#lcfc #sundreamteam,650338537548615680,https://twitter.com/dt_alerts/status/650338537548615680
2015-10-03 15:55:58,J_Speds,,0,0,0,"One result off £104. Another reason for me to hate Leicester City pic.twitter.com/dCEKBVrDmV",,,,650338512257052678,https://twitter.com/J_Speds/status/650338512257052678
2015-10-03 15:55:53,rezadiazCFC,,0,0,0,"FT: NORWICH CITY 1-2 LEICESTER CITY, Vardy 27' (Pen), Schlupp 47' Come On Foxes #FoxesNeverQuit #NorLei",,,#FoxesNeverQuit #NorLei,650338490597531648,https://twitter.com/rezadiazCFC/status/650338490597531648
2015-10-03 15:55:53,thisniggauglyaf,,0,0,0,"Man, Leicester City is on some form.",,,,650338489377140736,https://twitter.com/thisniggauglyaf/status/650338489377140736
2015-10-03 15:55:52,fotomac,,0,0,4,"(MS): Norwich City-Leicester City 1-2 http://www.fotomac.com.tr/canli-skor/canli-mac?Id=1988787 …",,,,650338486608875520,https://twitter.com/fotomac/status/650338486608875520
2015-10-03 15:55:49,FLIPSportsapp,,0,0,0,"FULL TIME: Aston Villa 0-1 Stoke City. Bournemouth 1-1 Watford Man City 6-1 Newcastle Norwich 1-2 Leicester City Sunderland 2-2 West Ham.",,,,650338471744303105,https://twitter.com/FLIPSportsapp/status/650338471744303105
2015-10-03 15:55:45,ouggi,,0,0,0,"Full-time: Norwich City 1-2 Leicester City",,,,650338457810677761,https://twitter.com/ouggi/status/650338457810677761
2015-10-03 15:55:45,AO_Sports,,0,0,1,"Norwich City 1-2 Leicester City http://english.ahram.org.eg/News/151808.aspx …",,,,650338456661544960,https://twitter.com/AO_Sports/status/650338456661544960
2015-10-03 15:55:44,FIRST4LCFC,FIRST4LCFC,1,4,7,"Vardy with his seventh of the season, with Schlupp getting the Foxes second. Leicester City are 4th in the Premier League! #LCFC",,,#LCFC,650338452374994944,https://twitter.com/FIRST4LCFC/status/650338452374994944
2015-10-03 15:55:44,fcresults,,0,0,0,"FT: Norwich City - Leicester City 1-2 #NORLEI #FCResults",,,#NORLEI #FCResults,650338452022628352,https://twitter.com/fcresults/status/650338452022628352
2015-10-03 15:55:42,busybod68,,0,0,0,"Get in there Leicester City!",,,,650338445366267904,https://twitter.com/busybod68/status/650338445366267904
2015-10-03 15:55:40,worldtrends24,,0,0,1,"#PremierLeague #BPL FT - Norwich City vs Leicester City -- #NORLEI live stream -> http://goo.gl/7JsvDD #NCFC 1-2 #LCFC",,,#PremierLeague #BPL #NORLEI #NCFC #LCFC,650338437665427456,https://twitter.com/worldtrends24/status/650338437665427456
2015-10-03 15:55:35,NitwikFootball,,0,3,2,"FULL TIME: Aston Villa 0-1 Stoke City. Bournemouth 1-1 Watford Man City 6-1 Newcastle Norwich 1-2 Leicester City Sunderland 2-2 West Ham.",,,,650338416345767937,https://twitter.com/NitwikFootball/status/650338416345767937
2015-10-03 15:55:31,Lerole_,,0,2,0,"Since last season "" @WyclefPresley: Leicester City Enjoying The Good Run In EPL""",,@WyclefPresley,,650338399598026752,https://twitter.com/Lerole_/status/650338399598026752
2015-10-03 15:55:22,paniekvoetbal,,0,0,0,"Eindstand Norwich City - Leicester City: 1-2 #norlei #premierleague",,,#norlei #premierleague,650338362214219776,https://twitter.com/paniekvoetbal/status/650338362214219776
2015-10-03 15:55:22,LiveLCFC,,0,0,4,"FULL-TIME: Norwich 1 Leicester City 2. Vardy and Schlupp secure bounceback win for #lcfc. As it happened: http://buff.ly/1MR8x05 ##NorLei",,,#lcfc # #NorLei,650338361912246272,https://twitter.com/LiveLCFC/status/650338361912246272
2015-10-03 15:55:17,Leicestertid,,1,0,1,"Norwich City 1 - 2 Leicester City Vardy, Schlupp Thoughts on the game? #lcfc http://fb.me/41HpsZzI6",,,#lcfc,650338337744662528,https://twitter.com/Leicestertid/status/650338337744662528
2015-10-03 15:55:04,Abggaram,,0,1,0,"Fulltime:Manchested city 6-1 Newcastle,Norwich 1-2 Leicester City,Sunderland 2-2 West ham #BPL",,,#BPL,650338285428994048,https://twitter.com/Abggaram/status/650338285428994048
2015-10-03 15:54:53,LCFC,,9,352,273,"Full-time: Norwich City 1-2 Leicester City #NorLeipic.twitter.com/dTnCLcfN5s",,,#NorLeipic,650338239262408704,https://twitter.com/LCFC/status/650338239262408704
2015-10-03 15:54:52,cridheone,,1,0,0,"FT: Aston Villa 0 - 1 Stoke Sunderland 2 - 2 West Ham Bournemouth 1 - 1 Watford Norwich 1 - 2 Leicester City 6 - 1 Newcastle",,,,650338235776933888,https://twitter.com/cridheone/status/650338235776933888
2015-10-03 15:54:49,soccerscoresnet,,0,0,0,"FT: Norwich City 1-2 Leicester City [England] #livescores http://bit.ly/1LyFd0j pic.twitter.com/GMqftX5HPv",,,#livescores,650338220258017280,https://twitter.com/soccerscoresnet/status/650338220258017280
2015-10-03 15:54:48,soccerscoresnet,,0,0,0,"FT: Norwich City 1-2 Leicester City [England] #livescores http://bit.ly/1LyFd0j pic.twitter.com/NBrjHhCbrd",,,#livescores,650338219540774912,https://twitter.com/soccerscoresnet/status/650338219540774912
2015-10-03 15:54:42,bettingpro,,0,0,1,"FT: Norwich City 1-2 Leicester City #NCFC #LCFC",,,#NCFC #LCFC,650338193120690176,https://twitter.com/bettingpro/status/650338193120690176
2015-10-03 15:54:21,NorwichCityFC,,7,30,30,"FULL-TIME: Norwich City 1-2 Leicester City. #NORLEIpic.twitter.com/uoJuwHOV3P",,,#NORLEIpic,650338103412961281,https://twitter.com/NorwichCityFC/status/650338103412961281
2015-10-03 15:53:55,homeof_soccer,homeof_soccer,0,0,1,"Norwich City 1-2 Leicester City Sunderland 2-2 West Ham United",,,,650337995405533184,https://twitter.com/homeof_soccer/status/650337995405533184
2015-10-03 15:53:25,WyclefPresley,,0,0,0,"Leicester City Enjoying The Good Run In EPL",,,,650337868087492608,https://twitter.com/WyclefPresley/status/650337868087492608
2015-10-03 15:50:26,lfc_spider,,0,0,0,"Liverpool FC News: Leicester City striker Jamie Vardy now has as many goals as Liverpool this season after... http://www.footballspider.net/out/liverpool/news/item/lrgce5nl6px/ti8s1g6tb0x?target=%2Fhciwron-v-gnirocs-retfa-nosaes-siht-looprevil-sa-slaog-ynam-sa-sah-won-ydrav-eimaj-rekirts-ytic-retseciel%2Ften.swencflooprevil.www%2F%2F%3Aptth&ref=twtr&title=Leicester+City+striker+Jamie+Vardy+now+has+as+many+goals+as+Liverpool+this+season+after+scoring+v+Norwich&descr=The+Leicester+man+has+been+in+great+form+%28Picture%3A%C2%A0Getty+Images%29%0ALiverpool+fans+are+already+pretty+down+in+the+dumps+but+this+stat+may+push+them+over...& … #lfc",,,#lfc,650337120222081024,https://twitter.com/lfc_spider/status/650337120222081024
2015-10-03 15:50:24,DSYoungEsq,,0,0,0,"Leicester City making hard work of this win. C'mon, Foxes! #NorLei",,,#NorLei,650337111321772032,https://twitter.com/DSYoungEsq/status/650337111321772032
2015-10-03 15:50:08,BlueFoxNews,,0,0,0,"Leicester City striker Jamie Vardy now has as many goals as Liverpool this season after scoring v... http://bit.ly/1MRwsfV #bluefoxnews",,,#bluefoxnews,650337044154068992,https://twitter.com/BlueFoxNews/status/650337044154068992
2015-10-03 15:48:16,HaitiNewsNet,,0,0,0,"LIVE: Norwich City - Leicester City - Claudio Ranieri's men suffered a 5-2 home defeat to Arsenal last time out bu... http://ow.ly/34ZjyI",,,,650336573196771328,https://twitter.com/HaitiNewsNet/status/650336573196771328
2015-10-03 15:46:30,BenLAD11,,0,0,0,"We're Leicester city we can't keep clean sheets",,,,650336127623254016,https://twitter.com/BenLAD11/status/650336127623254016
2015-10-03 15:45:51,nnnnews247,,0,0,0,"LIVE: Norwich City – Leicester City http://nigerianewspapers.com.ng/live-norwich-city-leicester-city/ …",,,,650335964498235393,https://twitter.com/nnnnews247/status/650335964498235393
2015-10-03 15:44:39,pl_fanzone,,0,0,0,"Leicester City striker Jamie Vardy now has as many go... http://bit.ly/1LaaHbN #plfans #premierleague #fanzone",,,#plfans #premierleague #fanzone,650335663166873600,https://twitter.com/pl_fanzone/status/650335663166873600
2015-10-03 15:42:27,DavideCere,,0,0,0,"#England #citylife #buildings #Erasmus #postcardfromtheUK @Leicester City Centre https://instagram.com/p/8YYB-qKjVr/",,@Leicester,#England #citylife #buildings #Erasmus #postcardfromtheUK,650335110101868544,https://twitter.com/DavideCere/status/650335110101868544
2015-10-03 15:41:53,worldtrends24,,0,0,1,"#PremierLeague #BPL 81"" - Norwich City vs Leicester City -- #NORLEI live stream -> http://goo.gl/7JsvDD #NCFC 1-2 #LCFC",,,#PremierLeague #BPL #NORLEI #NCFC #LCFC,650334967231152128,https://twitter.com/worldtrends24/status/650334967231152128
2015-10-03 15:41:49,TopFootballNews,,0,0,0,"#LIVERPOOL Leicester City striker Jamie Vardy now has as many goals as Liverpool this season after ... http://bit.ly/1MRuzzN #lfc #ynwa",,,#LIVERPOOL #lfc #ynwa,650334951640969216,https://twitter.com/TopFootballNews/status/650334951640969216
2015-10-03 15:39:02,JortsEthan,,0,0,0,"@_RyanDavison_ Leicester city were first for a while. they suck too.",,@_RyanDavison_,,650334248952463364,https://twitter.com/JortsEthan/status/650334248952463364
2015-10-03 15:38:05,worldtrends24,,0,0,1,"#PremierLeague #BPL 77"" - Norwich City vs Leicester City -- #NORLEI live stream -> http://goo.gl/7JsvDD #NCFC 1-2 #LCFC",,,#PremierLeague #BPL #NORLEI #NCFC #LCFC,650334009214394368,https://twitter.com/worldtrends24/status/650334009214394368
2015-10-03 15:33:57,worldtrends24,,0,0,1,"#PremierLeague #BPL 73"" - Norwich City vs Leicester City -- #NORLEI live stream -> http://goo.gl/7JsvDD #NCFC 1-2 #LCFC",,,#PremierLeague #BPL #NORLEI #NCFC #LCFC,650332970453065730,https://twitter.com/worldtrends24/status/650332970453065730
2015-10-03 15:32:44,ProudlyAustin,,0,0,0,"Leicester City play good football... #Decentteam",,,#Decentteam,650332664571011072,https://twitter.com/ProudlyAustin/status/650332664571011072
2015-10-03 15:32:36,LFCFootyNews2,,0,0,0,"Leicester City striker Jamie Vardy now has as many goals as Liverpool this season after… http://www.liverpoolfootballnews.com/leicester-city-striker-jamie-vardy-now-has-as-many-goals-as-liverpool-this-season-after-scoring-v-norwich/ …pic.twitter.com/3k5gUSS4HR",,,,650332629867196416,https://twitter.com/LFCFootyNews2/status/650332629867196416
2015-10-03 15:31:57,FOXES_Fanly,,0,0,0,"Ruddy save -- Norwich (67') #LeicesterCity #EPL http://www.fanly.me/pfr/8zJ9gZptSY",,,#LeicesterCity #EPL,650332465777655808,https://twitter.com/FOXES_Fanly/status/650332465777655808
2015-10-03 15:31:15,TheFootyResults,,0,0,0,"http://ScoresPro.com - (ENG-PR) Norwich City vs Leicester City: 1-2 - Goal for Leicester City http://ow.ly/34Zh6S",,,,650332293308002305,https://twitter.com/TheFootyResults/status/650332293308002305
2015-10-03 15:29:59,worldtrends24,,0,0,1,"#PremierLeague #BPL 69"" - Norwich City vs Leicester City -- #NORLEI live stream -> http://goo.gl/7JsvDD #NCFC 1-2 #LCFC",,,#PremierLeague #BPL #NORLEI #NCFC #LCFC,650331974633025536,https://twitter.com/worldtrends24/status/650331974633025536
2015-10-03 15:29:59,Benah254,,0,0,0,"Norwich 1-2 Leicester city #theScoreKe @carolradull #BPL",,@carolradull,#theScoreKe #BPL,650331971017666561,https://twitter.com/Benah254/status/650331971017666561
2015-10-03 15:29:57,hpmapure,,0,0,0,"Analisis #PREMIER LEAGUE Norwich City pg = 22.0% vs Leicester City pg = 77.0% para ver mas visita http://bit.ly/1mO9dJT",,,#PREMIER,650331962645815296,https://twitter.com/hpmapure/status/650331962645815296
2015-10-03 15:29:52,JADWAL_HKLPI,,0,0,0,"GOL! Norwich City 1-2 Leicester City [68- Mbokani] #NORLEI #BPL",,,#NORLEI #BPL,650331943737815040,https://twitter.com/JADWAL_HKLPI/status/650331943737815040
2015-10-03 15:29:46,iamOkon,,0,0,1,"Diumerci Mbokani pulls 1 back for Norwich vs Leicester City. 2-1.",,,,650331917246681088,https://twitter.com/iamOkon/status/650331917246681088
2015-10-03 15:29:35,rockthefludz,,0,0,1,"I'm at Carrow Road for Norwich City vs Leicester City in Norwich, Norfolk w/ @iam_yoyo @josssuwito @baeyee @kohhalim https://www.swarmapp.com/c/6ojqlLSgDba",,@iam_yoyo @josssuwito @baeyee @kohhalim,,650331870908055552,https://twitter.com/rockthefludz/status/650331870908055552
2015-10-03 15:29:24,unitedyusuf,,0,0,0,"LEICESTER CITY don't know how to keep a clean sheet.",,,,650331826121220096,https://twitter.com/unitedyusuf/status/650331826121220096
2015-10-03 15:29:08,FoxesNews,,0,1,3,"#lcfc #foxes #leicestercity Fantasy Premier League managers in meltdown as Riyad Mahrez is on the bench http://dld.bz/dV8dc",,,#lcfc #foxes #leicestercity,650331759926734848,https://twitter.com/FoxesNews/status/650331759926734848
2015-10-03 15:28:51,Citi973,,0,1,1,"GOAL: Norwich 1-2 Leicester City. Dieumerci Mbokani gets a goal back for Norwich #CitiSports",,,#CitiSports,650331689043034112,https://twitter.com/Citi973/status/650331689043034112
2015-10-03 15:28:47,beINSPORTSid,,0,0,0,"69' Goallllll Mbokani #BPL Norwich City (1) vs (2) Leicester City LIVE NOW di beIN 1",,,#BPL,650331668759228416,https://twitter.com/beINSPORTSid/status/650331668759228416
2015-10-03 15:28:45,brown_buzi,,0,0,0,"Norwich pulls one back against Leicester City 2-1 #BPL",,,#BPL,650331661247348736,https://twitter.com/brown_buzi/status/650331661247348736
2015-10-03 15:28:37,worldsoccertalk,,0,1,2,"Goal! Mbokani scores for Norwhich to halve Leicester City's lead! #LCFC 2-1 #NCFC",,,#LCFC #NCFC,650331629911605248,https://twitter.com/worldsoccertalk/status/650331629911605248
2015-10-03 15:28:36,OwynnPA,,0,0,0,"Leicester City still cannot keep a clean sheet, Mbokani grabs one back for the Canaries. Norwich 1-2 Leicester.",,,,650331624396226560,https://twitter.com/OwynnPA/status/650331624396226560
2015-10-03 15:28:16,SMLeicester,,0,0,1,"GOAL! Norwich City 1-2 Leicester City (Dieumerci Mbokani, 68'). Join us live: http://sm.mg/2znfj8p #ncfc #otbc #lcfc",,,#ncfc #otbc #lcfc,650331539000176640,https://twitter.com/SMLeicester/status/650331539000176640
2015-10-03 15:28:15,SMNorwich,,0,0,1,"GOAL! Norwich City 1-2 Leicester City (Dieumerci Mbokani, 68'). Join us live: http://sm.mg/2znfj8p #ncfc #otbc #lcfc",,,#ncfc #otbc #lcfc,650331537574100992,https://twitter.com/SMNorwich/status/650331537574100992
2015-10-03 15:28:14,thisniggauglyaf,,0,0,0,"Leicester City could win PSL with ease.",,,,650331533417541632,https://twitter.com/thisniggauglyaf/status/650331533417541632
2015-10-03 15:28:10,LiveVoetbalLV,,0,0,0,"#PremierLeague GOAL: Norwich City 1 - 2 Leicester City #Mbokani (68')",,,#PremierLeague #Mbokani,650331513926610944,https://twitter.com/LiveVoetbalLV/status/650331513926610944
2015-10-03 15:28:06,geralddjaba,,0,0,0,"Norwich City 1 - 2 Leicester City. 69' Dieumerci Mbokani scores for Norwich City! pic.twitter.com/oL0qmEyB7K",,,,650331499355611140,https://twitter.com/geralddjaba/status/650331499355611140
2015-10-03 15:28:06,wolexis,,0,0,0,"GOAL: Norwich City 1 - 2 Leicester City Congolese striker Dieumerci Mbokani pulls one back for the Canaries. #AfricansInTheEPL #WolexisBlog",,,#AfricansInTheEPL #WolexisBlog,650331496859979776,https://twitter.com/wolexis/status/650331496859979776
2015-10-03 15:27:48,DanielGafford,,0,0,0,"Norwich kept attacking and finally got rewarded. 2-1 Leicester City.",,,,650331421412851712,https://twitter.com/DanielGafford/status/650331421412851712
2015-10-03 15:27:41,GoalFlash,,1,2,1,"Norwich City *1-2 Leicester City (68') http://www.goal.com/ #GoalFlash #BPL",,,#GoalFlash #BPL,650331393403301888,https://twitter.com/GoalFlash/status/650331393403301888
2015-10-03 15:27:05,PTS_Updates,,0,0,0,"GOAL ALERT Norwich City 1 Leicester City 2 - 69 http://predictthescore.net",,,,650331241565302784,https://twitter.com/PTS_Updates/status/650331241565302784
2015-10-03 15:27:04,dt_alerts,,0,0,0,"Assist! #ncfc Howson (NOR) +2 Pts (0 Pts) 68': Norwich City 0 - 2 Leicester City #sundreamteam http://www.dreamteamalerts.com",,,#ncfc #sundreamteam,650331238960533504,https://twitter.com/dt_alerts/status/650331238960533504
2015-10-03 15:27:03,sahadanskor,,0,0,0,"Goool! Norwich City 1 - 2 Leicester City",,,,650331233092792320,https://twitter.com/sahadanskor/status/650331233092792320
2015-10-03 15:26:49,LiveLCFC,,0,0,1,"GOAL! Norwich 1 Leicester City 2 (Mbokani 68) The hosts are back in it. Follow all the action: http://buff.ly/1MR8x05 #lcfc #NorLei",,,#lcfc #NorLei,650331174204755968,https://twitter.com/LiveLCFC/status/650331174204755968
2015-10-03 15:26:48,Football__Tweet,,0,11,22,"GOAL: Norwich City 1 - 2 Leicester City. Dieumerci Mbokani pulls one back for the Canaries. GAME ON. #NCFC #LCFC",,,#NCFC #LCFC,650331172468232194,https://twitter.com/Football__Tweet/status/650331172468232194
2015-10-03 15:26:39,fotomac,,0,0,1,"GOL: Norwich City-Leicester City 1-2 (69dk )http://www.fotomac.com.tr/canli-skor/canli-mac?Id=1988787 …",,,,650331132219801600,https://twitter.com/fotomac/status/650331132219801600
2015-10-03 15:26:10,pitchbet,,0,0,0,"GOAL! Norwich 1 - 2 Leicester City",,,,650331011151196168,https://twitter.com/pitchbet/status/650331011151196168
2015-10-03 15:25:42,i4_leicester,,0,0,1,"U18s Report: Leicester City 5 Southampton 1: http://bit.ly/1iU01D6 #lcfc",,,#lcfc,650330893807038464,https://twitter.com/i4_leicester/status/650330893807038464
2015-10-03 15:25:41,LCFCNewsRoom,,0,0,0,"U18s Report: Leicester City 5 Southampton 1: http://bit.ly/1OOKcuU [Official] #LCFC",,,#LCFC,650330889407205376,https://twitter.com/LCFCNewsRoom/status/650330889407205376
2015-10-03 15:25:40,FL1888,,0,0,1,"U18s Report: Leicester City 5 Southampton 1: http://bit.ly/1iU01D6 #lcfc",,,#lcfc,650330886936788992,https://twitter.com/FL1888/status/650330886936788992
2015-10-03 15:25:38,Leicupdates,,0,0,0,"U18s Report: Leicester City 5 Southampton 1: http://bit.ly/1iU01D6",,,,650330879303139328,https://twitter.com/Leicupdates/status/650330879303139328
2015-10-03 15:25:20,worldtrends24,,0,0,1,"#PremierLeague #BPL 65"" - Norwich City vs Leicester City -- #NORLEI live stream -> http://goo.gl/7JsvDD #NCFC 0-2 #LCFC",,,#PremierLeague #BPL #NORLEI #NCFC #LCFC,650330801570099201,https://twitter.com/worldtrends24/status/650330801570099201
2015-10-03 15:24:02,MissIFY_,,4,1,0,"Can Leicester city not put Mahrez at all please please",,,,650330473311420417,https://twitter.com/MissIFY_/status/650330473311420417
2015-10-03 15:24:00,indosportdotcom,,0,1,0,"63' Man City 6 - 1 Newcastle United 64' Norwich City 0 - 2 Leicester City 63' Sunderland 2 - 2 West Ham United 65' Sevilla 2 - 0 Barcelona",,,,650330465392398336,https://twitter.com/indosportdotcom/status/650330465392398336
2015-10-03 15:23:58,FoxesNews,,0,2,1,"#lcfc #foxes #leicestercity U18s Report: Leicester City 5 Southampton 1 http://dld.bz/dV8cZ",,,#lcfc #foxes #leicestercity,650330457192710144,https://twitter.com/FoxesNews/status/650330457192710144
2015-10-03 15:23:55,WhatsOnLeics,,0,1,0,"Leicester_Merc : RT Merc_Sport: HALF-TIME: Norwich 0 Leicester City 1. Vardy's penalty giv… https://twitter.com/Leicester_Merc/status/650321731358486528 …)pic.twitter.com/1Rjtih7q9S",,,,650330446300098560,https://twitter.com/WhatsOnLeics/status/650330446300098560
2015-10-03 15:21:33,ouzym,,0,0,0,"In one game, he went from 1 goal to being tied for top scorer in the premier league. Or maybe second, depending on Leicester City",,,,650329849203060737,https://twitter.com/ouzym/status/650329849203060737
2015-10-03 15:20:48,worldtrends24,,0,0,1,"#PremierLeague #BPL 60"" - Norwich City vs Leicester City -- #NORLEI live stream -> http://goo.gl/7JsvDD #NCFC 0-2 #LCFC",,,#PremierLeague #BPL #NORLEI #NCFC #LCFC,650329660375433217,https://twitter.com/worldtrends24/status/650329660375433217
2015-10-03 15:20:33,ItsFoxedUp,,0,0,1,"U18s Report: Leicester City 5 Southampton 1 http://dlvr.it/CLH8Vp #lcfc",,,#lcfc,650329597754523648,https://twitter.com/ItsFoxedUp/status/650329597754523648
2015-10-03 15:19:49,LeicesterUKrr,,0,0,0,"Norwich v Leicester City – Premier League LIVE! http://www.rightrelevance.com/search/articles/hero?article=235e60c48a14bcf193fa16b04d538265f676aa9f&query=leicester%20uk&taccount=leicesterukrr …pic.twitter.com/Bpt1Uqhhoh",,,,650329412798251008,https://twitter.com/LeicesterUKrr/status/650329412798251008
2015-10-03 15:19:09,LCFC_Indonesia,,0,1,0,"60' Norwich City 0-2 Leicester City",,,,650329244686389248,https://twitter.com/LCFC_Indonesia/status/650329244686389248
2015-10-03 15:19:07,FoxesNews,,0,1,1,"#lcfc #foxes #leicestercity LIVE TEXT: Norwich City vs. Leicester City http://dld.bz/dV8da",,,#lcfc #foxes #leicestercity,650329236213997570,https://twitter.com/FoxesNews/status/650329236213997570
2015-10-03 15:18:13,joellblankson,,0,0,0,"Rodgers has made LFC a team dat can compete with crystal palace & leicester city in 3 yrs. #CluelessDummy",,,#CluelessDummy,650329013303558144,https://twitter.com/joellblankson/status/650329013303558144
2015-10-03 15:16:30,DuchessofBruce,,0,0,1,"Norwich City F.C. ( #NCFC) versus Leicester City F.C. ( #LCFC) at Carrow Road. #BPL",,,#NCFC #LCFC #BPL,650328581286043652,https://twitter.com/DuchessofBruce/status/650328581286043652
2015-10-03 15:15:58,worldtrends24,,0,0,1,"#PremierLeague #BPL 53 - Norwich City vs Leicester City -- #NORLEI live stream -> http://goo.gl/7JsvDD #NCFC 0-2 #LCFC",,,#PremierLeague #BPL #NORLEI #NCFC #LCFC,650328446770413568,https://twitter.com/worldtrends24/status/650328446770413568
2015-10-03 15:15:34,FaithMelo94,,0,0,0,"Leicester City have the best team so far Swansea ok",,,,650328343984914432,https://twitter.com/FaithMelo94/status/650328343984914432
2015-10-03 15:13:58,FoxesNews,,0,0,1,"#lcfc #foxes #leicestercity TEAM NEWS: Norwich City vs. Leicester City http://dld.bz/dV8db",,,#lcfc #foxes #leicestercity,650327942405431296,https://twitter.com/FoxesNews/status/650327942405431296
2015-10-03 15:13:45,konnectii,,0,1,0,"Norwich 0 - 2 Leicester City",,,,650327888361844737,https://twitter.com/konnectii/status/650327888361844737
2015-10-03 15:13:28,s_damian,,0,0,0,"has delighted the board of Leicester City by winning the Euro. Super Cup. #FMH15",,,#FMH15,650327815783628800,https://twitter.com/s_damian/status/650327815783628800
2015-10-03 15:13:25,s_damian,,0,0,0,"heard their name ring out around the stadium as fans of Leicester City celebrated winning the Euro. Super Cup. #FMH15",,,#FMH15,650327802684776448,https://twitter.com/s_damian/status/650327802684776448
2015-10-03 15:12:38,Newsports00,,0,0,0,"OFICIAL: Leicester City, Davis cedido al Fleetwood Town #Fútbol",,,#Fútbol,650327605061681152,https://twitter.com/Newsports00/status/650327605061681152
2015-10-03 15:12:02,isalihinabrahim,,0,0,0,"I'm at Carrow Road for Norwich City vs Leicester City in Norwich, Norfolk https://www.swarmapp.com/c/hB3s98Ebmp1",,,,650327456440819712,https://twitter.com/isalihinabrahim/status/650327456440819712
2015-10-03 15:11:52,MunyokiJr,,0,0,0,"Leicester city are having a good season so fur.",,,,650327411695882240,https://twitter.com/MunyokiJr/status/650327411695882240
2015-10-03 15:10:16,3SportsGh,,0,3,0,"Jeffery Schlupp has scored for Leicester City to put them 2-0 up at Norwich",,,,650327010095550464,https://twitter.com/3SportsGh/status/650327010095550464
2015-10-03 15:10:10,rezadiazCFC,,0,0,0,"NORWICH CITY 0-2 LEICESTER CITY, Vardy 27' (Pen), Schlup 47' live on Be In Sport 1, Come On Foxes #FoxesNeverQuit #NorLei",,,#FoxesNeverQuit #NorLei,650326986582192129,https://twitter.com/rezadiazCFC/status/650326986582192129
2015-10-03 15:10:02,leicester_city,,0,0,0,"U18s Report: Leicester City 5 Southampton 1 http://footytweets.com/leicester_city/news/218665 … #football #news",,,#football #news,650326951891218432,https://twitter.com/leicester_city/status/650326951891218432
2015-10-03 15:09:03,GoalFlash,,0,3,0,"Norwich City 0-2* Leicester City (47') http://www.goal.com/ #GoalFlash #BPL",,,#GoalFlash #BPL,650326705186439168,https://twitter.com/GoalFlash/status/650326705186439168
2015-10-03 15:08:26,ManUtdInPidgin,,0,7,2,"Leicester City dey ball o!",,,,650326547623075840,https://twitter.com/ManUtdInPidgin/status/650326547623075840
2015-10-03 15:08:24,LiveVoetbalLV,,0,0,0,"#PremierLeague GOAL: Norwich City 0 - 2 Leicester City #Schlupp (47')",,,#PremierLeague #Schlupp,650326542938185728,https://twitter.com/LiveVoetbalLV/status/650326542938185728
2015-10-03 15:08:07,ffsNazrule,,0,0,0,"Leicester city will always impressed me",,,,650326471546810369,https://twitter.com/ffsNazrule/status/650326471546810369
2015-10-03 15:08:06,TikkaMangala,,1,0,1,"I did a 5 team acca on Palace, Leicester, City, Derby and Chelsea. Looking better now",,,,650326467511869440,https://twitter.com/TikkaMangala/status/650326467511869440
2015-10-03 15:08:03,SteveStevens47,,0,2,2,"Jonathan Legard on BBC Final Score: ""Carrow Road is completely silent apart from a few thousand Leicester City fans"" #NCFC #LCFC",,,#NCFC #LCFC,650326451082891264,https://twitter.com/SteveStevens47/status/650326451082891264
2015-10-03 15:07:57,marathonbet,,0,0,0,"Leicester double their lead at Carrow Road. Jeffrey Schlupp is the man with the goal. 2-0 to Leicester City.",,,,650326426755928065,https://twitter.com/marathonbet/status/650326426755928065
2015-10-03 15:07:49,EPLNepal,,0,0,0,"GOAL to Leicester City 0-2 Schlupp with the goal Kante with the assist #NORLEI",,,#NORLEI,650326393671184385,https://twitter.com/EPLNepal/status/650326393671184385
2015-10-03 15:07:46,StifflerColes94,,0,0,0,"Leicester City are beasts right now. #jamievardyisgod #Foxes",,,#jamievardyisgod #Foxes,650326382233436160,https://twitter.com/StifflerColes94/status/650326382233436160
2015-10-03 15:07:46,Timberwolf___,,0,1,0,"Norwich City 0 - 2 Leicester City.Jeffrey Schlupp scores for Leicester City!",,,,650326379846868992,https://twitter.com/Timberwolf___/status/650326379846868992
2015-10-03 15:07:38,geralddjaba,,0,0,0,"Norwich City 0 - 2 Leicester City. 48' Jeffrey Schlupp scores for Leicester City! pic.twitter.com/dQoQwdeC0V",,,,650326348876148736,https://twitter.com/geralddjaba/status/650326348876148736
2015-10-03 15:07:25,Kickoffuganda,,0,0,0,"Goal Alert! Jeffrey Slope! Norwich City 0-2 Leicester City",,,,650326294677352448,https://twitter.com/Kickoffuganda/status/650326294677352448
2015-10-03 15:07:15,UtdSA,,0,0,0,"Norwich City 0-1 Leicester City at halftime. (ESPN) http://ift.tt/1QSZYXu #NCFC #BPL",,,#NCFC #BPL,650326253019492352,https://twitter.com/UtdSA/status/650326253019492352
2015-10-03 15:07:05,stillsollo,,0,0,0,"Leicester City.Something right is happening there",,,,650326209155477504,https://twitter.com/stillsollo/status/650326209155477504
2015-10-03 15:07:02,SMLeicester,,0,0,1,"GOAL! Norwich City 0-2 Leicester City (Jeffrey Schlupp, 47'). Join us live: http://sm.mg/2znfj8p #ncfc #otbc #lcfc",,,#ncfc #otbc #lcfc,650326196450893824,https://twitter.com/SMLeicester/status/650326196450893824
2015-10-03 15:07:02,SMNorwich,,0,0,1,"GOAL! Norwich City 0-2 Leicester City (Jeffrey Schlupp, 47'). Join us live: http://sm.mg/2znfj8p #ncfc #otbc #lcfc",,,#ncfc #otbc #lcfc,650326195041644544,https://twitter.com/SMNorwich/status/650326195041644544
2015-10-03 15:06:57,beINSPORTSid,,0,0,0,"GOALLLLLL Schlupp #BPL Norwich City (0) vs (2) Leicester City LIVE NOW di beIN 1",,,#BPL,650326175860981760,https://twitter.com/beINSPORTSid/status/650326175860981760
2015-10-03 15:06:51,UtdSA,,0,0,1,"Norwich City 0-1 Leicester City at halftime. (ESPN) http://ift.tt/1NKZUVZ #LCFC #BPL",,,#LCFC #BPL,650326148908482560,https://twitter.com/UtdSA/status/650326148908482560
2015-10-03 15:06:42,homeof_soccer,,0,0,1,"GOAL! Jeffrey Schlupp doubles Leicester City's lead. (0-2)",,,,650326114259349504,https://twitter.com/homeof_soccer/status/650326114259349504
2015-10-03 15:06:34,Fpl_Updates,,0,3,1,"GOAL to Leicester City 0-2 Schlupp with the goal Kante with the assist #NORLEI",,,#NORLEI,650326079782129664,https://twitter.com/Fpl_Updates/status/650326079782129664
2015-10-03 15:06:33,robi_1998,,0,0,0,"#BPL Bournemouth 1 - 1 Watford Aston Villa 0 - 0 Stoke City Norwich City 0 - 1 Leicester City Sunderland 2 - 1 West Ham United",,,#BPL,650326077290627072,https://twitter.com/robi_1998/status/650326077290627072
2015-10-03 15:06:27,ItsRon18,,0,0,0,"I even saw a man that's play for Leicester City pun the list.. Wtr !",,,,650326051298521089,https://twitter.com/ItsRon18/status/650326051298521089
2015-10-03 15:06:21,fotomac,,0,0,0,"GOL: Norwich City-Leicester City 0-2 (48dk )http://www.fotomac.com.tr/canli-skor/canli-mac?Id=1988787 …",,,,650326023012225024,https://twitter.com/fotomac/status/650326023012225024
2015-10-03 15:06:14,playbabaijebu,,0,0,1,"EPL Update: HT Manchester City 1 - 1 Newcastle United HT Norwich City 0 - 1 Leicester City HT Sunderland 2 - 1 West Ham United",,,,650325994373574656,https://twitter.com/playbabaijebu/status/650325994373574656
2015-10-03 15:05:47,LiveLCFC,,0,1,2,"GOAL! Norwich 0 Leicester City 2 (Schlupp - 47) Follow all the action: http://buff.ly/1MR8x05 #lcfc #NorLei",,,#lcfc #NorLei,650325881982971904,https://twitter.com/LiveLCFC/status/650325881982971904
2015-10-03 15:05:44,Mancman10,,0,0,0,"Norwich City 0 Leicester City 2",,,,650325868892524544,https://twitter.com/Mancman10/status/650325868892524544
2015-10-03 15:05:42,news_norwich,,0,0,0,"Half-Time Report: Jamie Vardy penalty gives Leicester City slim lead... http://bit.ly/1KS3CuW #ncfc",,,#ncfc,650325861711806465,https://twitter.com/news_norwich/status/650325861711806465
2015-10-03 15:05:34,Football__Tweet,,0,11,8,"GOAL: Norwich City 0 - 2 Leicester City. The Foxes great start to the season continues as Jeffrey Schlupp gets their second. #NCFC #LCFC",,,#NCFC #LCFC,650325826227994624,https://twitter.com/Football__Tweet/status/650325826227994624
2015-10-03 15:05:30,37gunner,,0,0,0,"Leicester City with the second",,,,650325811422060544,https://twitter.com/37gunner/status/650325811422060544
2015-10-03 15:05:21,iamOkon,,0,0,0,"Schlupp. 2-0. Leicester City double their lead vs Norwich.",,,,650325772989808644,https://twitter.com/iamOkon/status/650325772989808644
2015-10-03 15:05:19,itvfootball,,0,4,2,"#NCFC v #LCFC update: Schlupp makes it 2-0 to Leicester City.",,,#NCFC #LCFC,650325765381320704,https://twitter.com/itvfootball/status/650325765381320704
2015-10-03 15:04:25,rezadiazCFC,,0,0,0,"Kick Off 2nd Half, Come Leicester City #NorLei",,,#NorLei,650325540570726400,https://twitter.com/rezadiazCFC/status/650325540570726400
2015-10-03 15:04:13,la_ligapremier,,0,0,0,"Ya venimos con las segundas partes A Villa 0-0 Stoke / Bournemouth 1-1 Watford / Man City 1-1 Newcastle / Norwich City 0-1 Leicester City /",,,,650325488494206976,https://twitter.com/la_ligapremier/status/650325488494206976
2015-10-03 15:03:44,mar1ayd,Nabasboer,0,0,1,"@Nabasboer pleased you're enjoying the other group games.. Looking forward to welcoming you to Leicester City Stadium next weekend",,@Nabasboer,,650325365861314560,https://twitter.com/mar1ayd/status/650325365861314560
2015-10-03 15:03:40,ScoresPro,,0,0,0,"Soccer #Livescore: (ENG-PR) #NorwichCity vs #LeicesterCity: 0-1. 2nd Half Started ...",,,#Livescore #NorwichCity #LeicesterCity,650325348014407680,https://twitter.com/ScoresPro/status/650325348014407680
2015-10-03 15:00:58,CitizensLwLiang,,0,0,0,"HT #BPL Bournemouth 1 - 1 Watford Aston Villa 0 - 0 Stoke City Norwich City 0 - 1 Leicester City Sunderland 2 - 1 West Ham United",,,#BPL,650324668381966336,https://twitter.com/CitizensLwLiang/status/650324668381966336
2015-10-03 15:00:51,world_newshound,,0,0,0,"Leicester City striker Jamie Vardy now has as many goals as Liverpool this... - http://worldnewshound.com/latest-news/leicester-city-striker-jamie-vardy-now-has-as-many-goals-as-liverpool-this/ …pic.twitter.com/nwPLlgZwm0",,,,650324642255667200,https://twitter.com/world_newshound/status/650324642255667200
2015-10-03 15:00:39,Lexie_Official,,0,0,0,"It's all going on in LEICESTER mate! #leicester #towncentre #music @Leicester City Centre https://instagram.com/p/8YTP3RSxN-/",,@Leicester,#leicester #towncentre #music,650324589973778432,https://twitter.com/Lexie_Official/status/650324589973778432
2015-10-03 15:00:35,Drone_club,,0,0,0,"Leicester City striker Jamie Vardy now has as many goals as Liverpool this season after ... - http://latestnewsuk.com/latestnews/leicester-city-striker-jamie-vardy-now-has-as-many-goals-as-liverpool-this-season-after-scoring-v-norwich/ …pic.twitter.com/8mbW0VyPQs",,,,650324574995746816,https://twitter.com/Drone_club/status/650324574995746816
2015-10-03 15:00:22,UnofficialFoxes,,0,0,1,"U18s Report: Leicester City 5 Southampton 1 http://leicestercitynews.com/u18s-report-leicester-city-5-southampton-1/4074 … #lcfc",,,#lcfc,650324520599990272,https://twitter.com/UnofficialFoxes/status/650324520599990272
2015-10-03 15:00:07,premnewsuk,,0,0,1,"Leicester City striker Jamie Vardy now has as many goals as Liverpool this season after scoring v Norwich #LFC #LCFC http://premnews.com/story/2015/10/03/leicester-city-striker-jamie-vardy-now-has-as-many-goals-as-liverpool-this-season-after-scoring-v-norwich …",,,#LFC #LCFC,650324457530241028,https://twitter.com/premnewsuk/status/650324457530241028
2015-10-03 14:59:58,Yoursportsnews1,,0,0,0,"Norwich City 0-1 Leicester City at halftime. (ESPN) Leicester City #YSNpic.twitter.com/FykSICg0SO",,,#YSNpic,650324417726279680,https://twitter.com/Yoursportsnews1/status/650324417726279680
2015-10-03 14:59:45,oge_jenny,,0,0,0,"HT: Aston Villa 0-0 Stoke City, Bournemouth 1-1 Watford, Man City 1-1 Newcastle, Sunderland 2-1 West Ham, Norwich 0-1 Leicester City #BPL",,,#BPL,650324365419114496,https://twitter.com/oge_jenny/status/650324365419114496
2015-10-03 14:59:20,BBCRLSport,,0,0,0,"Norwich 0-1 Leicester City. The home side have yet to work Kasper Schmeichel. pic.twitter.com/BJLTgTqfmz",,,,650324260582502401,https://twitter.com/BBCRLSport/status/650324260582502401
2015-10-03 14:58:20,pitchbet,,0,0,0,"HT scores #BPL Aston Villa 0 - 0 Stoke City Bournemouth 1 - 1 Watford Man City 1 - 1 Newcastle Norwich 0 - 1 Leicester City",,,#BPL,650324005547810816,https://twitter.com/pitchbet/status/650324005547810816
2015-10-03 14:56:46,lcfcbuzztap,,0,0,0,"http://lcfc.com >> U18s Report: Leicester City 5 Southampton 1 http://buzztap.com/-YJGe5U",,,,650323614210723840,https://twitter.com/lcfcbuzztap/status/650323614210723840
2015-10-03 14:55:13,indosportdotcom,,0,0,0,"HT: Manchester City 1 - 1 Newcastle United Norwich City 0 - 1 Leicester City Sunderland 2 - 1 West Ham United Sevilla 0 - 0 Barcelona",,,,650323224887078912,https://twitter.com/indosportdotcom/status/650323224887078912
2015-10-03 14:54:50,SSFootball_,,0,0,0,"HT RESULTS: SUNDERLAND 2-1 WEST HAM UNITE, NORWICH CITY 0- 1 LEICESTER CITY, ASTON VILLA 0-0 STOKE CITY, AFC... http://fb.me/7QUOWTIjd",,,,650323127696793601,https://twitter.com/SSFootball_/status/650323127696793601
2015-10-03 14:53:47,SMLeicester,,0,0,1,"Half-Time Report: Jamie Vardy penalty gives Leicester City slim lead http://sm.mg/225bzmj #lcfc",,,#lcfc,650322861333348352,https://twitter.com/SMLeicester/status/650322861333348352
2015-10-03 14:53:46,SMNorwich,,0,0,0,"Half-Time Report: Jamie Vardy penalty gives Leicester City slim lead http://sm.mg/z459t3v #ncfc #otbc",,,#ncfc #otbc,650322859777200128,https://twitter.com/SMNorwich/status/650322859777200128
2015-10-03 14:52:52,GYP972,,0,0,0,"Half time Norwich 0 Leicester City 1 Nothingham 0 forest hull city 1 Sheffield Wed1 Preston North end 0 Peterborough United 2 millwall 0",,,,650322631959248897,https://twitter.com/GYP972/status/650322631959248897
2015-10-03 14:52:36,deejayfaremi,,0,3,1,"PL HALF TIME: Bournemouth 1-1 Watford Aston Villa 0-0 Stoke City Norwich City 0-1 Leicester City Sunderland 2-1 West Ham",,,,650322566163353600,https://twitter.com/deejayfaremi/status/650322566163353600
2015-10-03 14:52:30,PremierShowIT,,0,0,0,"HALF TIME Norwich City 0-1 Leicester City (28' Vardy PEN) #NORLEI",,,#NORLEI,650322539860901888,https://twitter.com/PremierShowIT/status/650322539860901888
2015-10-03 14:52:09,LeicesterTH,,0,0,1,"จบครึ่งแรก Norwich City 0 - 1 Leicester City #จิ้งจอกสยามสู้สู้ #LCFC #LCFCPREMIERLEAGUE #KINGPOWER... http://fb.me/6SRpHdvB4",,,#จ #LCFC #LCFCPREMIERLEAGUE #KINGPOWER,650322452036354049,https://twitter.com/LeicesterTH/status/650322452036354049
2015-10-03 14:51:35,la_ligapremier,,0,0,0,"HALFTIME: A Villa 0-0 Stoke / Bournemouth 1-1 Watford / Man City 1-1 Newcastle / Norwich City 0-1 Leicester City / Sunderland 2-1 West Ham",,,,650322309048348672,https://twitter.com/la_ligapremier/status/650322309048348672
2015-10-03 14:51:23,LeicesterVAVEL,,0,0,1,"HT Leicester City deservedly leading at Carrow Road thanks to a Jamie Vardy penalty. (0-1) #lcfc #ncfc http://www.vavel.com/en/football/premier-league/leicester-city/548926-norwich-city-vs-leicester-city-live-coverage.html …",,,#lcfc #ncfc,650322257806553092,https://twitter.com/LeicesterVAVEL/status/650322257806553092
2015-10-03 14:51:20,SMLeicester,,0,0,1,"HALF-TIME: Norwich City 0-1 Leicester City. Join us live: http://sm.mg/2znfj8p #ncfc #otbc #lcfc",,,#ncfc #otbc #lcfc,650322247652147200,https://twitter.com/SMLeicester/status/650322247652147200
2015-10-03 14:51:20,SMNorwich,,0,0,1,"HALF-TIME: Norwich City 0-1 Leicester City. Join us live: http://sm.mg/2znfj8p #ncfc #otbc #lcfc",,,#ncfc #otbc #lcfc,650322246297370624,https://twitter.com/SMNorwich/status/650322246297370624
2015-10-03 14:50:50,seuntadef,,0,0,0,"leicester city have scored again..oh bouy!",,,,650322120145260544,https://twitter.com/seuntadef/status/650322120145260544
2015-10-03 14:50:25,benitez_leo,,0,0,0,"DESCANSO NORWICH CITY 0 LEICESTER CITY 1 (28´ VARDY DE PENAL)",,,,650322016017510400,https://twitter.com/benitez_leo/status/650322016017510400
2015-10-03 14:50:23,Engr_Oladimeji,,0,0,0,"HT: Norwich City 0-1 Leicester City",,,,650322008979472385,https://twitter.com/Engr_Oladimeji/status/650322008979472385
2015-10-03 14:50:07,TopherHorton,,1,0,0,"The rise of Leicester city has to be one of the stories of the season, what a team!",,,,650321938829680641,https://twitter.com/TopherHorton/status/650321938829680641
2015-10-03 14:49:58,Sky_Mzansi,,0,0,0,"#EPL HT: Norwich City 0-1 Leicester City: Sunderland 2-1 West Ham.",,,#EPL,650321900741218304,https://twitter.com/Sky_Mzansi/status/650321900741218304
2015-10-03 14:49:50,worldtrends24,,0,0,1,"#PremierLeague #BPL HT - Norwich City vs Leicester City -- #NORLEI live stream -> http://goo.gl/7JsvDD #NCFC 0-1 #LCFC",,,#PremierLeague #BPL #NORLEI #NCFC #LCFC,650321867694170112,https://twitter.com/worldtrends24/status/650321867694170112
2015-10-03 14:49:39,rezadiazCFC,,0,0,0,"HT: NORWICH CITY 0-1 LEICESTER CITY, Vardy 27' (Pen) live on Be In Sport 1, Come On Foxes #FoxesNeverQuit #NorLei",,,#FoxesNeverQuit #NorLei,650321823817531392,https://twitter.com/rezadiazCFC/status/650321823817531392
2015-10-03 14:49:35,Timberwolf___,,0,1,0,"HT:Norwich City 0 - 1 Leicester City",,,,650321804591034369,https://twitter.com/Timberwolf___/status/650321804591034369
2015-10-03 14:49:33,NoWisdomMate,,0,0,0,"LIVE: Norwich City - Leicester City",,,,650321795212447744,https://twitter.com/NoWisdomMate/status/650321795212447744
2015-10-03 14:49:32,jj_jamesjohn,,0,0,0,"""@iBlaisePaddy: Meaning? @jj_jamesjohn IGG ""@iBlaisePaddy: Leicester City are here again... ����"""" initial Gragra",,@iBlaisePaddy @jj_jamesjohn @iBlaisePaddy,,650321791567704064,https://twitter.com/jj_jamesjohn/status/650321791567704064
2015-10-03 14:49:10,fotomac,,0,0,0,"(İY): Norwich City-Leicester City 0-1 http://www.fotomac.com.tr/canli-skor/canli-mac?Id=1988787 …",,,,650321700727451649,https://twitter.com/fotomac/status/650321700727451649
2015-10-03 14:48:59,ouggi,,0,0,0,"Half-time: Norwich City 0-1 Leicester City",,,,650321654946529284,https://twitter.com/ouggi/status/650321654946529284
2015-10-03 14:48:59,LCFC_Indonesia,,0,0,0,"HT: Norwich City 0-1 Leicester City #NorLeipic.twitter.com/jH6k1L0pUW",,,#NorLeipic,650321653226864640,https://twitter.com/LCFC_Indonesia/status/650321653226864640
2015-10-03 14:48:49,LiveLCFC,,0,4,2,"HALF-TIME: Norwich 0 Leicester City 1. Vardy's penalty gives #lcfc the lead at the break. Follow the action: http://buff.ly/1MR8x05 #NorLei",,,#lcfc #NorLei,650321613238308864,https://twitter.com/LiveLCFC/status/650321613238308864
2015-10-03 14:48:29,NorwichCityFC,,4,12,14,"HALF-TIME: Norwich City 0-1 Leicester City. #NORLEIpic.twitter.com/4dzmIv3qLi",,,#NORLEIpic,650321528404340736,https://twitter.com/NorwichCityFC/status/650321528404340736
2015-10-03 14:48:24,LCFC,,7,58,62,"Half-time: Norwich City 0-1 Leicester City #NorLeipic.twitter.com/7cT0B9sAOd",,,#NorLeipic,650321507000913920,https://twitter.com/LCFC/status/650321507000913920
2015-10-03 14:47:55,samwalez,,0,0,0,"Prem: Vardy goal -- Leicester (28'): English Premier League: Jamie Vardy (28') Norwich City 0-1 Leicester City http://bit.ly/1YXKUcF",,,,650321387769462784,https://twitter.com/samwalez/status/650321387769462784
2015-10-03 14:47:52,pjoy90,,0,0,0,"Prem: Vardy goal -- Leicester (28'): English Premier League: Jamie Vardy (28') Norwich City 0-1 Leicester City http://bit.ly/1YXKUcF",,,,650321372485279744,https://twitter.com/pjoy90/status/650321372485279744
2015-10-03 14:47:49,mohammedaisha71,,0,0,0,"Prem: Vardy goal -- Leicester (28'): English Premier League: Jamie Vardy (28') Norwich City 0-1 Leicester City http://bit.ly/1YXKUcF",,,,650321362263781376,https://twitter.com/mohammedaisha71/status/650321362263781376
2015-10-03 14:47:47,sexyhajara,,0,0,0,"Prem: Vardy goal -- Leicester (28'): English Premier League: Jamie Vardy (28') Norwich City 0-1 Leicester City http://bit.ly/1YXKUcF",,,,650321353346670593,https://twitter.com/sexyhajara/status/650321353346670593
2015-10-03 14:47:21,PremierLeaque,,0,0,1,"[Goal] LIVE: Norwich City - Leicester City http://www.goal.com/en-gb/news/2896/premier-league/2015/10/03/15970922/live-norwich-city-leicester-city …",,,,650321243325997056,https://twitter.com/PremierLeaque/status/650321243325997056
2015-10-03 14:47:07,noah33574,,0,1,0,"LAURIE WHITWELL AT THE KING POWER STADIUM: Leicester City's unbeaten start to the season came to an end as they fell to a 5-2 defeat by",,,,650321183863349248,https://twitter.com/noah33574/status/650321183863349248
2015-10-03 14:46:47,worldtrends24,,0,0,1,"#PremierLeague #BPL 45+"" - Norwich City vs Leicester City -- #NORLEI live stream -> http://goo.gl/7JsvDD #NCFC 0-1 #LCFC",,,#PremierLeague #BPL #NORLEI #NCFC #LCFC,650321102082707456,https://twitter.com/worldtrends24/status/650321102082707456
2015-10-03 14:46:01,WessexVoice,,0,0,0,"@LouiseMensch I see Leicester City Council wants to boycott Israeli producs, I assume i have as much to boycott anything islamic",,@LouiseMensch,,650320909501394944,https://twitter.com/WessexVoice/status/650320909501394944
2015-10-03 14:45:01,voetbalpoulemob,,0,0,0,"Live: Norwich City 0 - 1 Leicester City http://bit.ly/1Nb2xyf #norlei #premierleague",,,#norlei #premierleague,650320657302048768,https://twitter.com/voetbalpoulemob/status/650320657302048768
2015-10-03 14:43:40,worldtrends24,,0,0,1,"#PremierLeague #BPL 41"" - Norwich City vs Leicester City -- #NORLEI live stream -> http://goo.gl/7JsvDD #NCFC 0-1 #LCFC",,,#PremierLeague #BPL #NORLEI #NCFC #LCFC,650320317605265408,https://twitter.com/worldtrends24/status/650320317605265408
2015-10-03 14:43:25,Abimbolaomodudu,,0,0,0,"#SportNews Prem: Drinkwater chance -- Leicester (25'): Leicester City vs Norwich City. http://es.pn/1NbQjcs",,,#SportNews,650320255332388865,https://twitter.com/Abimbolaomodudu/status/650320255332388865
2015-10-03 14:43:22,WorldCupFinals,,0,0,0,"#Soccer English Premier League: Jamie Vardy (28') Norwich City 0-1 Leicester City http://es.pn/1jFJFyA",,,#Soccer,650320241709355009,https://twitter.com/WorldCupFinals/status/650320241709355009
2015-10-03 14:40:35,jj_jamesjohn,,0,0,0,"IGG ""@iBlaisePaddy: Leicester City are here again... ����""",,@iBlaisePaddy,,650319540795084800,https://twitter.com/jj_jamesjohn/status/650319540795084800
2015-10-03 14:39:57,77Danilo,,0,0,0,"Norwich 0 0 Leicester City",,,,650319380803375104,https://twitter.com/77Danilo/status/650319380803375104
2015-10-03 14:39:28,worldtrends24,,0,0,1,"#PremierLeague #BPL 37"" - Norwich City vs Leicester City -- #NORLEI live stream -> http://goo.gl/7JsvDD #NCFC 0-1 #LCFC",,,#PremierLeague #BPL #NORLEI #NCFC #LCFC,650319258040205312,https://twitter.com/worldtrends24/status/650319258040205312
2015-10-03 14:39:26,lcfcbuzztap,,0,0,0,"http://lcfcworld.co.uk >> Norwich City v Leicester City http://buzztap.com/-VfCs76",,,,650319249622233088,https://twitter.com/lcfcbuzztap/status/650319249622233088
2015-10-03 14:38:51,WorldCup2010SAF,,0,0,0,"Prem: Vardy goal -- Leicester (28'): English Premier League: Jamie Vardy (28') Norwich City 0-1 Leicester City http://es.pn/1jFJFyA",,,,650319104100859904,https://twitter.com/WorldCup2010SAF/status/650319104100859904
2015-10-03 14:38:50,WorldCup2010SAF,,0,0,0,"Prem: Drinkwater chance -- Leicester (25'): Leicester City vs Norwich City. http://es.pn/1PViw55",,,,650319101437440000,https://twitter.com/WorldCup2010SAF/status/650319101437440000
2015-10-03 14:38:49,theworldcup247,,0,0,0,"ESPN: Prem: Vardy goal -- Leicester (28'): Leicester City vs Norwich City. http://es.pn/1jFJFyA #worldcup #soccer",,,#worldcup #soccer,650319094621736960,https://twitter.com/theworldcup247/status/650319094621736960
2015-10-03 14:38:48,theworldcup247,,0,0,0,"ESPN: Prem: Drinkwater chance -- Leicester (25'): Leicester City vs Norwich City. http://es.pn/1PViw55 #worldcup #soccer",,,#worldcup #soccer,650319092004487168,https://twitter.com/theworldcup247/status/650319092004487168
2015-10-03 14:38:47,LeicesteRRcity,,0,0,0,"Norwich v Leicester City – Premier League LIVE! http://www.rightrelevance.com/search/articles/hero?article=235e60c48a14bcf193fa16b04d538265f676aa9f&query=leicester%20city%20fc&taccount=leicesterrcity …pic.twitter.com/rpwvnGnUlb",,,,650319086530920449,https://twitter.com/LeicesteRRcity/status/650319086530920449
2015-10-03 14:38:46,isouthafrica,,0,0,0,"Prem: Vardy goal -- Leicester (28'): Leicester City vs Norwich City. http://es.pn/1jFJFyA",,,,650319083661996032,https://twitter.com/isouthafrica/status/650319083661996032
2015-10-03 14:38:46,isouthafrica,,0,0,0,"Prem: Drinkwater chance -- Leicester (25'): Leicester City vs Norwich City. http://es.pn/1PViw55",,,,650319081418067968,https://twitter.com/isouthafrica/status/650319081418067968
2015-10-03 14:38:43,WC2010,,0,0,0,"Prem: Vardy goal -- Leicester (28'): Leicester City vs Norwich City. http://es.pn/1jFJCD2 #FIFA #WorldCup",,,#FIFA #WorldCup,650319071997616128,https://twitter.com/WC2010/status/650319071997616128
2015-10-03 14:38:42,WC2010,,0,0,0,"Prem: Drinkwater chance -- Leicester (25'): Leicester City vs Norwich City. http://es.pn/1jFJCCW #FIFA #WorldCup",,,#FIFA #WorldCup,650319068658954240,https://twitter.com/WC2010/status/650319068658954240
2015-10-03 14:38:02,adrianxjm,,0,0,0,"Leicester City on paper is alright but when you watch them play it's crazy",,,,650318897997082625,https://twitter.com/adrianxjm/status/650318897997082625
2015-10-03 14:38:01,Ibidapson,,0,0,0,"I dey feel dis crystal palace nd Leicester city, den both take BPL by storm dis season",,,,650318894159261696,https://twitter.com/Ibidapson/status/650318894159261696
2015-10-03 14:37:42,Josiah_Urkel,,0,0,0,"Getting on that Leicester city bandwagon",,,,650318815235059712,https://twitter.com/Josiah_Urkel/status/650318815235059712
2015-10-03 14:37:20,Chibueze_Torres,,0,0,0,"FACT: Leicester City's Jamie Vardy has now scored in five successive Premier League games.""",,,,650318723207794688,https://twitter.com/Chibueze_Torres/status/650318723207794688
2015-10-03 14:37:10,_iambuffy,,0,0,0,"Wait what's up with Leicester City now winning any how",,,,650318682263056384,https://twitter.com/_iambuffy/status/650318682263056384
2015-10-03 14:35:49,PremierShowIT,,0,0,0,"GOAL! Norwich City 0-1 Leicester City (28' Vardy PEN) #NORLEI",,,#NORLEI,650318341903679488,https://twitter.com/PremierShowIT/status/650318341903679488
2015-10-03 14:35:42,worldtrends24,,0,0,1,"#PremierLeague #BPL 33"" - Norwich City vs Leicester City -- #NORLEI live stream -> http://goo.gl/7JsvDD #NCFC 0-1 #LCFC",,,#PremierLeague #BPL #NORLEI #NCFC #LCFC,650318311591292930,https://twitter.com/worldtrends24/status/650318311591292930
2015-10-03 14:35:13,iamOkon,,0,9,1,"FACT: Leicester City's Jamie Vardy has now scored in five successive Premier League games.",,,,650318188471844864,https://twitter.com/iamOkon/status/650318188471844864
2015-10-03 14:35:11,bj_media,,0,0,0,"Vardy can't stop scoring....he gives Leicester City the lead away at Norwich.",,,,650318180204871680,https://twitter.com/bj_media/status/650318180204871680
2015-10-03 14:32:53,brilche,,0,0,0,"Jamie Vardy Penalty Goal - Norwich 0 - 1 Leicester City - Premier League - 03.10 - http://www.dailymotion.com/video/x38hq7x_jamie-vardy-penalty-goal-norwich-0-1-leicester-city-premier-league-03-10-2015_sport … via @DailymotionUSA",,@DailymotionUSA,,650317602452074496,https://twitter.com/brilche/status/650317602452074496
2015-10-03 14:32:18,PumasArgentinos,,0,0,0,"#LosPumas llegaron al Leicester City Stadium para hacer el Captain's Run. #VamosPumas #argvtga https://instagram.com/p/8YOAfLE9R2/",,,#LosPumas #VamosPumas #argvtga,650317456326721536,https://twitter.com/PumasArgentinos/status/650317456326721536
2015-10-03 14:32:08,chris98andrade,,0,0,0,"Leicester city is playing unreal",,,,650317414899580929,https://twitter.com/chris98andrade/status/650317414899580929
2015-10-03 14:32:03,worldtrends24,,0,0,0,"#PremierLeague #BPL GOOOAAALLLL - Norwich City vs Leicester City -- #NORLEI live stream -> http://goo.gl/7JsvDD #NCFC 0-1 #LCFC",,,#PremierLeague #BPL #NORLEI #NCFC #LCFC,650317391658774530,https://twitter.com/worldtrends24/status/650317391658774530
2015-10-03 14:31:56,James_NCFC91,,2,1,2,"I must say that was a fantastic dive Leicester City! Must join the GB Team! #KickItOut #LCFC How many more before its kicked out?",,,#KickItOut #LCFC,650317365171879936,https://twitter.com/James_NCFC91/status/650317365171879936
2015-10-03 14:31:48,JordForrester10,,0,0,2,"Get in Leicester City!!",,,,650317330682134530,https://twitter.com/JordForrester10/status/650317330682134530
2015-10-03 14:31:11,JADWAL_HKLPI,,0,0,0,"GOL! Norwich City 0-1 Leicester City [28- Jamie Vardy (p)] #NORLEI #BPL",,,#NORLEI #BPL,650317175270469632,https://twitter.com/JADWAL_HKLPI/status/650317175270469632
2015-10-03 14:31:06,TheStephenWood,,0,0,0,"Leicester City is like the Toronto Blue Jays: a threat to my team, but they've got an explosive offense and man, they're fun to watch",,,,650317152155762688,https://twitter.com/TheStephenWood/status/650317152155762688
2015-10-03 14:30:30,SoccerSioux,SoccerSioux,0,0,0,"@SoccerSioux Goallllllllllllllllllllllllllll, J.Vardas score from the spot and lead #Leicester City againts #Norwich",,@SoccerSioux,#Leicester #Norwich,650317001802383360,https://twitter.com/SoccerSioux/status/650317001802383360
2015-10-03 14:30:29,LiveVoetbalLV,,0,0,0,"#PremierLeague GOAL: Norwich City 0 - 1 Leicester City #Vardy (Pen.) (28')",,,#PremierLeague #Vardy,650316999046877184,https://twitter.com/LiveVoetbalLV/status/650316999046877184
2015-10-03 14:30:28,Quivcy,,0,0,0,"Leicester City re doing a very job staying at the top half of the table but I think Southampton were also in dat position last season",,,,650316995129405440,https://twitter.com/Quivcy/status/650316995129405440
2015-10-03 14:30:27,GoalFlash,,1,2,1,"Norwich City 0-1* Leicester City (28') http://www.goal.com/ #GoalFlash #BPL",,,#GoalFlash #BPL,650316990192685056,https://twitter.com/GoalFlash/status/650316990192685056
2015-10-03 14:30:05,fcresults,,0,0,0,"28′ Vardy (Leicester City) 0-1 #NORLEI #FCResults",,,#NORLEI #FCResults,650316897179803648,https://twitter.com/fcresults/status/650316897179803648
2015-10-03 14:29:47,brilche,,0,0,0,"Jamie Vardy Penalty Goal - Norwich 0 - 1 Leicester City - Premier League - 03.10 - http://www.dailymotion.com/video/x38hpzq_jamie-vardy-penalty-goal-norwich-0-1-leicester-city-premier-league-03-10-2015_sport … via @DailymotionUSA",,@DailymotionUSA,,650316822751911936,https://twitter.com/brilche/status/650316822751911936
2015-10-03 14:29:41,37gunner,,3,0,0,"Leicester City are ahead of Norwich !!! I don't know who scored",,,,650316799498584065,https://twitter.com/37gunner/status/650316799498584065
2015-10-03 14:29:40,kiplie_winarto,,0,2,0,"Edyannnn VARDY bener2 lg gilaRT @beINSPORTSid: GOALLLLLLLL VARDY !!! #BPL LIVE Norwich City (0) vs (1) Leicester City LIVE NOW di beIN 1",,@beINSPORTSid,#BPL,650316791856558080,https://twitter.com/kiplie_winarto/status/650316791856558080
2015-10-03 14:29:38,OrijoDotNg,,0,0,0,"LIVE: Norwich City - Leicester City http://dlvr.it/CLGPW3",,,,650316786496212992,https://twitter.com/OrijoDotNg/status/650316786496212992
2015-10-03 14:29:36,SportsCentralNG,,0,0,0,"LIVE: Norwich City - Leicester City http://dlvr.it/CLGNfb",,,,650316775091933185,https://twitter.com/SportsCentralNG/status/650316775091933185
2015-10-03 14:29:34,Tee6ix,,0,0,0,"LIVE: Norwich City - Leicester City http://dlvr.it/CLGKkY",,,,650316769819627520,https://twitter.com/Tee6ix/status/650316769819627520
2015-10-03 14:29:26,fcresults,,0,0,0,"Goal Leicester City! 0-1 #NORLEI #FCResults",,,#NORLEI #FCResults,650316734843498500,https://twitter.com/fcresults/status/650316734843498500
2015-10-03 14:29:26,Benah254,,0,0,0,"Leicester city 1-0 Norwich vardy scores #theScoreKe @carolradull #BPL",,@carolradull,#theScoreKe #BPL,650316732591157252,https://twitter.com/Benah254/status/650316732591157252
2015-10-03 14:29:25,PremierPunt,,0,0,1,"Goal! Leicester City! #NCFC 0-1 #LCFC Vardy +4pts. Tot 5pts #FPL #EPL http://premierpunt.com",,,#NCFC #LCFC #FPL #EPL,650316730200424448,https://twitter.com/PremierPunt/status/650316730200424448
2015-10-03 14:29:22,geralddjaba,,0,0,0,"Norwich City 0 - 1 Leicester City. 28' Jamie Vardy scores for Leicester City on a penalty! pic.twitter.com/FlYJAelaew",,,,650316719706243073,https://twitter.com/geralddjaba/status/650316719706243073
2015-10-03 14:29:12,Engr_Oladimeji,,0,0,0,"Norwich City 0-1 Leicester City",,,,650316675313737729,https://twitter.com/Engr_Oladimeji/status/650316675313737729
2015-10-03 14:29:12,Sky_Mzansi,,0,0,0,"#EPL GOAL! Norwich 0-1 Leicester City (Pen: Jamie Vardy 28').",,,#EPL,650316674076397568,https://twitter.com/Sky_Mzansi/status/650316674076397568
2015-10-03 14:29:08,dt_alerts,,0,0,1,"Penalty!! #lcfc Vardy (LEI) +5 Pts (5 Pts) 28': Norwich City 0 - 1 Leicester City #sundreamteam http://www.dreamteamalerts.com",,,#lcfc #sundreamteam,650316659123552257,https://twitter.com/dt_alerts/status/650316659123552257
2015-10-03 14:29:06,Mancman10,,1,0,0,"Norwich City 0 Leicester City 1 (Vardy) Bournemouth 1 Watford 0",,,,650316650617655296,https://twitter.com/Mancman10/status/650316650617655296
2015-10-03 14:29:06,rezadiazCFC,,0,0,0,"NORWICH CITY 0-1 LEICESTER CITY, Vardy 27' (Pen) live on Be In Sport 1, Come On Foxes #FoxesNeverQuit #Fearless",,,#FoxesNeverQuit #Fearless,650316650365911041,https://twitter.com/rezadiazCFC/status/650316650365911041
2015-10-03 14:29:04,PTS_Updates,,0,0,0,"GOAL ALERT Norwich City 0 Leicester City 1 - Jamie Vardy 28 http://predictthescore.net",,,,650316640622669824,https://twitter.com/PTS_Updates/status/650316640622669824
2015-10-03 14:29:02,SSnetwoork,,0,0,0,"Jamie Vardy...1-0 to Leicester City from the spot",,,,650316634901643264,https://twitter.com/SSnetwoork/status/650316634901643264
2015-10-03 14:28:58,fotomac,,0,0,0,"GOL: Norwich City-Leicester City 0-1 (28dk Jamie Vardy)http://www.fotomac.com.tr/canli-skor/canli-mac?Id=1988787 …",,,,650316616673198080,https://twitter.com/fotomac/status/650316616673198080
2015-10-03 14:28:53,SethJoel1,,0,0,1,"Norwich City 0 - 1 Leicester City. 28' Jamie Vardy scores for Leicester City with a penalty",,,,650316597966544896,https://twitter.com/SethJoel1/status/650316597966544896
2015-10-03 14:28:46,TheDodoLover,,0,0,0,"These guys are in the EPL for the pks. RT @Fpl_Updates: PENALTY to Leicester City! #NORLEI",,@Fpl_Updates,#NORLEI,650316565448130561,https://twitter.com/TheDodoLover/status/650316565448130561
2015-10-03 14:28:35,BBCNorfolk,,0,0,18,"Norwich City 0-1 Leicester City Vardy (pen) '28 https://twitter.com/BobRutler/status/650316231933825025 …",,,,650316521823174657,https://twitter.com/BBCNorfolk/status/650316521823174657
2015-10-03 14:28:35,MunirSa7lei,,0,0,0,"Yes varry penalty shoot for leicester city",,,,650316519797231616,https://twitter.com/MunirSa7lei/status/650316519797231616
2015-10-03 14:28:30,SMLeicester,,0,0,1,"GOAL! Norwich City 0-1 Leicester City (Jamie Vardy, 28' pen.). Join us live: http://sm.mg/2znfj8p #ncfc #otbc #lcfc",,,#ncfc #otbc #lcfc,650316500742631426,https://twitter.com/SMLeicester/status/650316500742631426
2015-10-03 14:28:30,OwynnPA,,0,1,3,"Vardy scores! Norwich 0-1 Leicester City #LCFC",,,#LCFC,650316499463368704,https://twitter.com/OwynnPA/status/650316499463368704
2015-10-03 14:28:30,SMNorwich,,0,0,1,"GOAL! Norwich City 0-1 Leicester City (Jamie Vardy, 28' pen.). Join us live: http://sm.mg/2znfj8p #ncfc #otbc #lcfc",,,#ncfc #otbc #lcfc,650316499006177281,https://twitter.com/SMNorwich/status/650316499006177281
2015-10-03 14:28:28,BPL_Lovers,,0,0,0,"Jamie Vardy scores for Leicester City! Norwich City 0-1 Leicester City.",,,,650316493465321472,https://twitter.com/BPL_Lovers/status/650316493465321472
2015-10-03 14:28:25,numeroplayer,,0,0,0,"28'/1º - GOL DO LEICESTER CITY! Jamie Vardy Norwich 0x1 Leicester",,,,650316479766859777,https://twitter.com/numeroplayer/status/650316479766859777
2015-10-03 14:28:18,Kickoffuganda,,0,0,0,"Goal Alert! Jammie Vardy Penalty! 27' Norwich 0-1 Leicester City",,,,650316449756655616,https://twitter.com/Kickoffuganda/status/650316449756655616
2015-10-03 14:28:18,beINSPORTSid,,0,0,0,"GOALLLLLLLL VARDY !!! #BPL LIVE Norwich City (0) vs (1) Leicester City LIVE NOW di beIN 1",,,#BPL,650316448024260608,https://twitter.com/beINSPORTSid/status/650316448024260608
2015-10-03 14:28:16,worldsoccertalk,,0,2,4,"Goal! Vardy buries the penalty to give Leicester City a 1-0 lead over Norwich City. #LCFC 1-0 #NCFC",,,#LCFC #NCFC,650316439233032192,https://twitter.com/worldsoccertalk/status/650316439233032192
2015-10-03 14:28:15,K1Says,,0,0,1,"Goooooaaaaalllll! Norwich City 0 - 1 Leicester City. Jamie Vardy converts from the spot-kick.",,,,650316436162936832,https://twitter.com/K1Says/status/650316436162936832
2015-10-03 14:28:08,iamOkon,,0,1,0,"1-0. Leicester City take the lead. Jamie Vardy.",,,,650316409155788801,https://twitter.com/iamOkon/status/650316409155788801
2015-10-03 14:28:06,fadana_,,0,0,0,"Sando mthenga!!! yes!!! ""@LB_Langa: GET IN THERE LEICESTER CITY! IT'S VARDY TIME!""",,@LB_Langa,,650316401157218304,https://twitter.com/fadana_/status/650316401157218304
2015-10-03 14:28:03,ScoresPro,,0,0,0,"Soccer #Livescore: (ENG-PR) #NorwichCity vs #LeicesterCity: 0-1. Goal for Leicester City ...",,,#Livescore #NorwichCity #LeicesterCity,650316384497496065,https://twitter.com/ScoresPro/status/650316384497496065
2015-10-03 14:27:51,JusttDann,,0,0,0,"Norwich 0-1 Leicester City (Vardy)",,,,650316334773989376,https://twitter.com/JusttDann/status/650316334773989376
2015-10-03 14:27:46,LiveLCFC,,0,2,3,"GOAL! Norwich 0 Leicester City 1 (Vardy pen - 28) Follow all the action: http://buff.ly/1MR8x05 #lcfc #NorLei",,,#lcfc #NorLei,650316316956463104,https://twitter.com/LiveLCFC/status/650316316956463104
2015-10-03 14:27:43,R___fletch,,0,0,0,"Shock he's at it again. Jamie vardy winning/cheating another penalty for Leicester City",,,,650316301114716160,https://twitter.com/R___fletch/status/650316301114716160
2015-10-03 14:27:42,Coral,,1,1,0,"Jamie Vardy puts Leicester City 1-0 up.",,,,650316300099698688,https://twitter.com/Coral/status/650316300099698688
2015-10-03 14:27:24,Football__Tweet,,0,15,17,"GOAL: Norwich City 0 - 1 Leicester City. Jamie Vardy converts from the spot-kick. #NCFC #LCFC",,,#NCFC #LCFC,650316224950243328,https://twitter.com/Football__Tweet/status/650316224950243328
2015-10-03 14:26:50,Fpl_Updates,,0,1,2,"PENALTY to Leicester City! #NORLEI",,,#NORLEI,650316078841790464,https://twitter.com/Fpl_Updates/status/650316078841790464
2015-10-03 14:26:35,UtdCharliee,,0,0,0,"PENALTY to Leicester City!",,,,650316018301186048,https://twitter.com/UtdCharliee/status/650316018301186048
2015-10-03 14:25:42,news_norwich,,0,0,0,"Claudio Ranieri rules out Leicester City hangover at Norwich City... http://bit.ly/1LpiwfR #ncfc",,,#ncfc,650315796187512832,https://twitter.com/news_norwich/status/650315796187512832
2015-10-03 14:25:34,ItsFoxedUp,,0,0,1,"Norwich City vs Leicester City Live Stream Score Commentary and EPL Scores 2015 (0-0) http://dlvr.it/CLGJ6n #lcfc",,,#lcfc,650315760036790273,https://twitter.com/ItsFoxedUp/status/650315760036790273
2015-10-03 14:25:33,ItsFoxedUp,,0,0,1,"Norwich v Leicester City: Confirmed Starting Line-ups - Inler & Mahrez left on the bench http://dlvr.it/CLGQbx #lcfc",,,#lcfc,650315758233219072,https://twitter.com/ItsFoxedUp/status/650315758233219072
2015-10-03 14:25:33,ItsFoxedUp,,0,0,1,"Team News: Riyad Mahrez on bench for Leicester City at Norwich City http://dlvr.it/CLGM5J #lcfc",,,#lcfc,650315755733385220,https://twitter.com/ItsFoxedUp/status/650315755733385220
2015-10-03 14:25:32,ItsFoxedUp,,0,0,1,"Live Commentary: Norwich City vs. Leicester City http://dlvr.it/CLGMSC #lcfc",,,#lcfc,650315754462560256,https://twitter.com/ItsFoxedUp/status/650315754462560256
2015-10-03 14:25:32,ItsFoxedUp,,0,0,1,"Leicester City v Norwich: Probable Starting Line Ups - Gokhan Inler set to start http://dlvr.it/CLGQ7w #lcfc",,,#lcfc,650315752881324032,https://twitter.com/ItsFoxedUp/status/650315752881324032
2015-10-03 14:25:29,worldtrends24,,0,0,1,"#PremierLeague #BPL 23"" - Norwich City vs Leicester City -- #NORLEI live stream -> http://goo.gl/7JsvDD #NCFC 0-0 #LCFC",,,#PremierLeague #BPL #NORLEI #NCFC #LCFC,650315742030622720,https://twitter.com/worldtrends24/status/650315742030622720
2015-10-03 14:23:05,Dejexkul,,0,0,0,"LIVE: Norwich City - Leicester City http://dlvr.it/CLG8Cb",,,,650315134930325505,https://twitter.com/Dejexkul/status/650315134930325505
2015-10-03 14:23:05,Oduscoly,,0,0,0,"LIVE: Norwich City - Leicester City http://dlvr.it/CLGGP3",,,,650315134695378944,https://twitter.com/Oduscoly/status/650315134695378944
2015-10-03 14:23:03,SportsJournalNG,,0,0,0,"LIVE: Norwich City - Leicester City http://dlvr.it/CLGDSH",,,,650315129058258945,https://twitter.com/SportsJournalNG/status/650315129058258945
2015-10-03 14:21:26,ta_munor,,0,0,0,"Leicester City please score",,,,650314721590124544,https://twitter.com/ta_munor/status/650314721590124544
2015-10-03 14:21:21,worldtrends24,,0,0,1,"#PremierLeague #BPL 20"" - Norwich City vs Leicester City -- #NORLEI live stream -> http://goo.gl/7JsvDD #NCFC 0-0 #LCFC",,,#PremierLeague #BPL #NORLEI #NCFC #LCFC,650314700614336512,https://twitter.com/worldtrends24/status/650314700614336512
2015-10-03 14:21:05,Gapsy4all,,0,0,0,"LIVE: Norwich City - Leicester City http://dlvr.it/CLGCT6",,,,650314631722827776,https://twitter.com/Gapsy4all/status/650314631722827776
2015-10-03 14:20:41,LeicesterUKrr,,0,0,1,"Leicester City’s Matty James Visits SADS Conference http://www.rightrelevance.com/search/articles/hero?article=8af5218ab286991fceb0e1c16dc90f415a4044a2&query=leicester%20uk&taccount=leicesterukrr …pic.twitter.com/EAThJGqFuC",,,,650314533647454208,https://twitter.com/LeicesterUKrr/status/650314533647454208
2015-10-03 14:19:09,OJAY_PUMPING,,0,0,0,"LIVE: Norwich City - Leicester City http://dlvr.it/CLGCzK",,,,650314148010586112,https://twitter.com/OJAY_PUMPING/status/650314148010586112
2015-10-03 14:19:07,Jopac4dvirg,,0,0,0,"LIVE: Norwich City - Leicester City http://dlvr.it/CLGCq6",,,,650314138388856832,https://twitter.com/Jopac4dvirg/status/650314138388856832
2015-10-03 14:19:05,BeardGuy_,,0,0,0,"LIVE: Norwich City - Leicester City http://dlvr.it/CLGFf8",,,,650314131019436033,https://twitter.com/BeardGuy_/status/650314131019436033
2015-10-03 14:19:03,mayor_digitals,,0,0,0,"LIVE: Norwich City - Leicester City http://dlvr.it/CLGFpF",,,,650314122744098817,https://twitter.com/mayor_digitals/status/650314122744098817
2015-10-03 14:17:51,Awaydays23,,2,13,11,"Leicester City at Norwich City today #LCFCpic.twitter.com/w872VgwS7A",,,#LCFCpic,650313819919622144,https://twitter.com/Awaydays23/status/650313819919622144
2015-10-03 14:17:47,worldtrends24,,0,0,1,"#PremierLeague #BPL 15"" - Norwich City vs Leicester City -- #NORLEI live stream -> http://goo.gl/7JsvDD #NCFC 0-0 #LCFC",,,#PremierLeague #BPL #NORLEI #NCFC #LCFC,650313801682649088,https://twitter.com/worldtrends24/status/650313801682649088
2015-10-03 14:16:31,nicsumm33,,0,0,1,"@TSN_Sports Thanks again for the Leicester City match! #lcfc #NorLei",,@TSN_Sports,#lcfc #NorLei,650313483653791744,https://twitter.com/nicsumm33/status/650313483653791744
2015-10-03 14:16:23,fb_feeder,,0,0,0,"LIVE: Norwich City - Leicester City http://tinyurl.com/nwzgp2l",,,,650313451319918592,https://twitter.com/fb_feeder/status/650313451319918592
2015-10-03 14:15:05,CallMeOlalekan,,0,0,0,"LIVE: Norwich City - Leicester City http://dlvr.it/CLGFxd",,,,650313123035897856,https://twitter.com/CallMeOlalekan/status/650313123035897856
2015-10-03 14:14:58,soccer_reddit,,0,0,0,"Match Thread: Norwich City vs Leicester City [Premier League] via /r/soccer http://ift.tt/1iTOwvv",,,,650313092837060608,https://twitter.com/soccer_reddit/status/650313092837060608
2015-10-03 14:14:57,unionargentina,,1,22,33,"#LosPumas llegaron al Leicester City Stadium para hacer el Captain's Run. #VamosPumas #argvtga https://instagram.com/p/8YOAfLE9R2/",,,#LosPumas #VamosPumas #argvtga,650313088357531648,https://twitter.com/unionargentina/status/650313088357531648
2015-10-03 14:14:40,SoccerSioux,,1,1,1,"LIVE IN-PLAY : English Premier League OVER 0.75 HT on Norwich City vs Leicester City #EPL #INPLAY #BigBet #188BET",,,#EPL #INPLAY #BigBet #188BET,650313019130404865,https://twitter.com/SoccerSioux/status/650313019130404865
2015-10-03 14:13:31,worldtrends24,,0,0,1,"#PremierLeague #BPL 11"" - Norwich City vs Leicester City -- #NORLEI live stream -> http://goo.gl/7JsvDD #NCFC 0-0 #LCFC",,,#PremierLeague #BPL #NORLEI #NCFC #LCFC,650312730142838784,https://twitter.com/worldtrends24/status/650312730142838784
2015-10-03 14:12:26,brroooookkssyy,,0,1,0,"Now a Leicester City fan #gary",,,#gary,650312456460476417,https://twitter.com/brroooookkssyy/status/650312456460476417
2015-10-03 14:11:17,First_sports,,0,0,0,"LIVE: Norwich City - Leicester City http://dlvr.it/CLG2KN",,,,650312166659088384,https://twitter.com/First_sports/status/650312166659088384
2015-10-03 14:10:57,NorwichSerendip,,0,0,0,"Norwich City vs Leicester City Live Stream Score Commentary and EPL Scores 2015 (0-0): We go again.' ... http://binged.it/1PVe5ag #norwich",,,#norwich,650312083523833856,https://twitter.com/NorwichSerendip/status/650312083523833856
2015-10-03 14:10:44,FemiCoolfm,,0,0,0,"Bournemouth 0 - 0 Watford Aston Villa 0 - 0 Stoke Manchester 0 - 0 Newcastle United Norwich 0 - 0 Leicester City Sunderland 1 - 0 West Ham",,,,650312027999744000,https://twitter.com/FemiCoolfm/status/650312027999744000
2015-10-03 14:10:33,footballnus,,0,0,0,"#Footballnus Live Stream: Norwich City vs Leicester City http://dlvr.it/CLG5zN @footballnus",,@footballnus,#Footballnus,650311982394961920,https://twitter.com/footballnus/status/650311982394961920
2015-10-03 14:10:19,i4_leicester,,0,0,1,"LIVE TEXT: Norwich City vs. Leicester City: http://bit.ly/1OOB9dA #lcfc",,,#lcfc,650311923414667264,https://twitter.com/i4_leicester/status/650311923414667264
2015-10-03 14:10:19,i4_leicester,,0,0,1,"TEAM NEWS: Norwich City vs. Leicester City: http://bit.ly/1iTNQq1 #lcfc",,,#lcfc,650311922617741312,https://twitter.com/i4_leicester/status/650311922617741312
2015-10-03 14:10:16,LCFCNewsRoom,,0,0,0,"LIVE TEXT: Norwich City vs. Leicester City: http://bit.ly/1iTNPCq [Official] #LCFC",,,#LCFC,650311911079211008,https://twitter.com/LCFCNewsRoom/status/650311911079211008
2015-10-03 14:10:16,LCFCNewsRoom,,0,0,0,"TEAM NEWS: Norwich City vs. Leicester City: http://bit.ly/1iTNPCj [Official] #LCFC",,,#LCFC,650311909338578944,https://twitter.com/LCFCNewsRoom/status/650311909338578944
2015-10-03 14:10:14,FL1888,,0,0,1,"LIVE TEXT: Norwich City vs. Leicester City: http://bit.ly/1OOB9dA #lcfc",,,#lcfc,650311903877558272,https://twitter.com/FL1888/status/650311903877558272
2015-10-03 14:10:13,Leicupdates,,0,0,0,"LIVE TEXT: Norwich City vs. Leicester City: http://bit.ly/1OOB9dA",,,,650311898307522561,https://twitter.com/Leicupdates/status/650311898307522561
2015-10-03 14:10:09,Lokzil,,0,0,0,"#football #soccer LIVE: Norwich City - Leicester City http://dlvr.it/CLG23Q",,,#football #soccer,650311879827394560,https://twitter.com/Lokzil/status/650311879827394560
2015-10-03 14:09:35,davidobisesan,,0,0,0,"LIVE: Norwich City - Leicester City http://dlvr.it/CLG3Td",,,,650311740131971072,https://twitter.com/davidobisesan/status/650311740131971072
2015-10-03 14:09:35,KaskusAHAY,,0,0,0,"LIVE: Norwich City - Leicester City http://dlvr.it/CLG7XQ @rarasathie_",,@rarasathie_,,650311740069031936,https://twitter.com/KaskusAHAY/status/650311740069031936
2015-10-03 14:09:33,Tajbol4splend,NorwichCityFC,0,0,0,"@norwichcityfc I guess this will be a wounded lion approach by Leicester City boys after suffering their first defeat against us",,@norwichcityfc,,650311732230012928,https://twitter.com/Tajbol4splend/status/650311732230012928
2015-10-03 14:09:30,worldtrends24,,0,0,1,"#PremierLeague #BPL 7"" - Norwich City vs Leicester City -- #NORLEI live stream -> http://goo.gl/7JsvDD #NCFC 0-0 #LCFC",,,#PremierLeague #BPL #NORLEI #NCFC #LCFC,650311719303053312,https://twitter.com/worldtrends24/status/650311719303053312
2015-10-03 14:07:52,_ralphlyons,,1,0,0,"Anyone got a link for leicester city match?",,,,650311305581187072,https://twitter.com/_ralphlyons/status/650311305581187072
2015-10-03 14:07:45,luv_2mise,,0,0,0,"LIVE: Norwich City - Leicester City http://dlvr.it/CLG3W2",,,,650311278909480960,https://twitter.com/luv_2mise/status/650311278909480960
2015-10-03 14:07:33,luv_oyin,,0,0,0,"LIVE: Norwich City - Leicester City http://dlvr.it/CLG25B",,,,650311227982286848,https://twitter.com/luv_oyin/status/650311227982286848
2015-10-03 14:07:24,912CroozeFM,,0,0,0,"Live games in #BPL Norwich City 0 - 0 Leicester City Sunderland 0 - 0 West Ham United #Croozefmsports",,,#BPL #Croozefmsports,650311189273165824,https://twitter.com/912CroozeFM/status/650311189273165824
2015-10-03 14:07:11,mc_nelson_Inxs,,0,0,0,"@mc_nelson_inxs LIVE: Norwich City - Leicester City: Claudio Ranieri's men suffered a 5-2 home... http://bit.ly/1jFHoDx @mc_nelson_inxs",,@mc_nelson_inxs @mc_nelson_inxs,,650311135258783744,https://twitter.com/mc_nelson_Inxs/status/650311135258783744
2015-10-03 14:04:19,infolodge_net,,0,0,0,"LIVE: Norwich City – Leicester City http://infolodge.net/2015/10/03/live-norwich-city-leicester-city/ …",,,,650310414480216064,https://twitter.com/infolodge_net/status/650310414480216064
2015-10-03 14:04:19,fathull_hussein,,0,0,0,"#nw Norwich City vs. Leicester City",,,#nw,650310414073356288,https://twitter.com/fathull_hussein/status/650310414073356288
2015-10-03 14:04:10,Bot_Football,,0,0,0,"LIVE: Norwich City - Leicester City: Claudio Ranieri's men suffered a 5-2 home defeat to Arsenal last time out but… http://dlvr.it/CLFslt",,,,650310375850643456,https://twitter.com/Bot_Football/status/650310375850643456
2015-10-03 14:02:56,ScoresPro,,0,0,0,"Soccer #Livescore: (ENG-PR) #NorwichCity vs #LeicesterCity: 0-0. Kick Off ...",,,#Livescore #NorwichCity #LeicesterCity,650310064042057729,https://twitter.com/ScoresPro/status/650310064042057729
2015-10-03 14:02:48,Naijawhatsup,,0,0,0,"LIVE: Norwich City - Leicester City http://twib.in/l/ERq95rK4Bx7",,,,650310030256828416,https://twitter.com/Naijawhatsup/status/650310030256828416
2015-10-03 14:02:42,footballnus,,0,0,0,"Live Stream: Norwich City vs Leicester City http://dlvr.it/CLFxxR",,,,650310007162994688,https://twitter.com/footballnus/status/650310007162994688
2015-10-03 14:02:12,BillyMoneyman,,0,0,0,"Leicester City over 2.5 1 Unit West Ham +130 2 Units West Ham over 2.5 -120 3 Units",,,,650309881652621312,https://twitter.com/BillyMoneyman/status/650309881652621312
2015-10-03 14:02:07,Splottery,,0,1,0,"Upcoming match: Rugby World Cup 2015 Pool C: Argentina vs Tonga (Leicester City Stadium)",,,,650309861847269376,https://twitter.com/Splottery/status/650309861847269376
2015-10-03 14:02:04,YellowMetal79,,0,0,0,"Islamisation of UK: Leicester City Council is boycotting goods from Israeli settlements http://www.bbc.co.uk/news/uk-34433313 … #Israel #Palestine",,,#Israel #Palestine,650309847779528704,https://twitter.com/YellowMetal79/status/650309847779528704
2015-10-03 14:00:48,AdigunLaw,,0,0,0,"Live Stream: Norwich City vs Leicester City: http://bit.ly/1MRaUju via @footballnus",,@footballnus,,650309527280070656,https://twitter.com/AdigunLaw/status/650309527280070656
2015-10-03 14:00:47,RealAbdulQadir,,0,0,0,"Live Stream: Norwich City vs Leicester City: http://bit.ly/1MRaUju",,,,650309525396783105,https://twitter.com/RealAbdulQadir/status/650309525396783105
2015-10-03 14:00:47,LORD_KOSSY,,0,0,0,"Live Stream: Norwich City vs Leicester City: http://bit.ly/1NbIDHg",,,,650309523651977216,https://twitter.com/LORD_KOSSY/status/650309523651977216
2015-10-03 14:00:45,yemitohfresh,,0,0,0,"[SPORTS NEWS] Live Stream: Norwich City vs Leicester City: http://bit.ly/1MRaUju #yemioloyedeblog",,,#yemioloyedeblog,650309517729619968,https://twitter.com/yemitohfresh/status/650309517729619968
2015-10-03 14:00:45,THISisDeji11,,0,0,0,"Live Stream: Norwich City vs Leicester City: http://bit.ly/1MRaUju via @footballnus",,@footballnus,,650309515657637888,https://twitter.com/THISisDeji11/status/650309515657637888
2015-10-03 14:00:44,olaige_,,0,0,0,"Live Stream: Norwich City vs Leicester City: http://bit.ly/1MRaUju via @footballnus",,@footballnus,,650309513967329280,https://twitter.com/olaige_/status/650309513967329280
2015-10-03 14:00:44,tnuola,,0,0,0,"Live Stream: Norwich City vs Leicester City: http://bit.ly/1MRaUju via @footballnus",,@footballnus,,650309511933095951,https://twitter.com/tnuola/status/650309511933095951
2015-10-03 14:00:43,footballnus,,0,0,0,"Live Stream: Norwich City vs Leicester City: http://bit.ly/1MRaUju via @footballnus",,@footballnus,,650309506144989184,https://twitter.com/footballnus/status/650309506144989184
2015-10-03 14:00:40,footballnus,,0,0,0,"Live Stream: Norwich City vs Leicester City http://goo.gl/fb/a6YkF1",,,,650309494711447552,https://twitter.com/footballnus/status/650309494711447552
2015-10-03 14:00:13,rezadiazCFC,,0,0,0,"Kick Off from Carrow Road Stadium, NORWICH CITY vs LEICESTER CITY, yeeees #FoxesNeverQuit #NorLei",,,#FoxesNeverQuit #NorLei,650309382018719744,https://twitter.com/rezadiazCFC/status/650309382018719744
2015-10-03 14:00:04,lebanonsports,,0,0,0,"Norwich City vs Leicester City http://www.lebanon-sports.com/index.php/live-streaming/118-live-stream/22342-channel-56 …",,,,650309342856638464,https://twitter.com/lebanonsports/status/650309342856638464
